# Blender v2.82 (sub 7) OBJ File: 'teleporter.blend'
# www.blender.org
mtllib teleporter.mtl
o Cube
v 0.000000 0.285969 -0.748046
v 0.000000 2.845404 -0.748046
v 0.145937 0.285969 -0.733672
v 0.145937 2.845404 -0.733672
v 0.286265 0.285969 -0.691104
v 0.286265 2.845404 -0.691104
v 0.415592 0.285969 -0.621977
v 0.415592 2.845404 -0.621977
v 0.528948 0.285969 -0.528948
v 0.528948 2.845404 -0.528948
v 0.621978 0.285969 -0.415592
v 0.621978 2.845404 -0.415592
v 0.691104 0.285969 -0.286265
v 0.691104 2.845404 -0.286265
v 0.733672 0.285969 -0.145937
v 0.733672 2.845404 -0.145937
v 0.748046 0.285969 -0.000000
v 0.748046 2.845404 -0.000000
v 0.733672 0.285969 0.145936
v 0.733672 2.845404 0.145936
v 0.691104 0.285969 0.286265
v 0.691104 2.845404 0.286265
v 0.621978 0.285969 0.415592
v 0.621978 2.845404 0.415592
v 0.578379 2.845048 0.468717
v 0.415592 2.845404 0.621978
v 0.286265 2.845404 0.691104
v 0.145936 2.845404 0.733672
v -0.000000 2.845404 0.748046
v -0.145937 2.845404 0.733672
v -0.286265 2.845404 0.691104
v -0.415592 2.845404 0.621977
v -0.578379 2.845048 0.468717
v -0.621978 0.285969 0.415592
v -0.621978 2.845404 0.415592
v -0.691105 0.285969 0.286264
v -0.691105 2.845404 0.286264
v -0.733672 0.285969 0.145936
v -0.733672 2.845404 0.145936
v -0.748046 0.285969 -0.000001
v -0.748046 2.845404 -0.000001
v -0.733672 0.285969 -0.145937
v -0.733672 2.845404 -0.145937
v -0.691104 0.285969 -0.286266
v -0.691104 2.845404 -0.286266
v -0.621977 0.285969 -0.415593
v -0.621977 2.845404 -0.415593
v -0.528948 0.285969 -0.528949
v -0.528948 2.845404 -0.528949
v -0.415591 0.285969 -0.621978
v -0.415591 2.845404 -0.621978
v -0.286264 0.285969 -0.691105
v -0.286264 2.845404 -0.691105
v -0.145935 0.285969 -0.733673
v -0.145935 2.845404 -0.733673
v 0.000000 2.845048 -0.865870
v 0.168923 2.845048 -0.849233
v 0.331354 2.845048 -0.799960
v 0.481052 2.845048 -0.719945
v 0.612263 2.845048 -0.612263
v 0.719945 2.845048 -0.481052
v 0.799960 2.845048 -0.331354
v 0.849233 2.845048 -0.168923
v 0.865870 2.845048 -0.000000
v 0.849233 2.845048 0.168923
v 0.799960 2.845048 0.331354
v 0.719945 2.845048 0.481052
v 0.608928 2.919581 0.566787
v 0.463527 2.919581 0.693662
v 0.319283 2.919581 0.770762
v 0.162769 2.919581 0.818240
v -0.000000 2.919581 0.834272
v -0.162769 2.919581 0.818240
v -0.319283 2.919581 0.770762
v -0.463527 2.919581 0.693662
v -0.608928 2.919581 0.566787
v -0.719945 2.845048 0.481051
v -0.799960 2.845048 0.331354
v -0.849233 2.845048 0.168922
v -0.865870 2.845048 -0.000001
v -0.849233 2.845048 -0.168924
v -0.799959 2.845048 -0.331355
v -0.719944 2.845048 -0.481053
v -0.612262 2.845048 -0.612264
v -0.481051 2.845048 -0.719945
v -0.331353 2.845048 -0.799960
v -0.168922 2.845048 -0.849233
v 0.631951 2.845048 0.588273
v -0.481052 2.845048 0.719944
v -0.331355 2.845048 0.799960
v -0.168923 2.845048 0.849233
v 0.481052 2.845047 0.719945
v 0.168923 2.845048 0.849233
v 0.331354 2.845048 0.799960
v -0.000000 2.845048 0.865870
v -0.631951 2.845048 0.588273
v 0.957083 0.286135 0.000001
v 0.631951 0.286135 0.588273
v 0.578379 0.286135 0.468717
v -0.631951 0.286135 0.588273
v -0.578379 0.286135 0.468717
v 0.957083 0.006008 -0.957083
v 0.957083 0.006008 0.957083
v -0.957083 0.006008 0.957083
v -0.957083 0.006008 -0.957083
v 0.957083 0.286135 -0.957082
v 0.957082 0.286135 0.957083
v -0.957083 0.286135 0.957083
v -0.957083 0.286135 -0.957083
v 0.000000 0.286135 -0.957083
v 0.481052 0.286135 -0.719945
v 0.331354 0.286135 -0.799960
v 0.168923 0.286135 -0.849233
v 0.799960 0.286135 -0.331354
v 0.719945 0.286135 0.481052
v 0.000000 0.286135 -0.865870
v 0.719945 0.286135 -0.481052
v -0.331353 0.286135 -0.799960
v -0.481051 0.286135 -0.719946
v -0.168922 0.286135 -0.849233
v 0.612263 0.286135 -0.612263
v -0.799960 0.286135 0.331354
v -0.799959 0.286135 -0.331355
v -0.719944 0.286135 -0.481053
v -0.612262 0.286135 -0.612264
v 0.865870 0.286135 -0.000000
v 0.849233 0.286135 -0.168923
v -0.849233 0.286135 0.168922
v -0.849233 0.286135 -0.168924
v 0.799960 0.286135 0.331354
v -0.719945 0.286135 0.481051
v -0.865870 0.286135 -0.000001
v 0.849233 0.286135 0.168923
v -0.578379 0.286135 0.635017
v -0.578379 0.006008 0.957083
v 0.578379 0.286135 0.634975
v 0.578379 0.006008 0.957083
v 0.578379 0.286135 0.957083
v -0.578379 0.286135 0.957083
v -0.957083 0.286135 -0.000000
v -0.945498 2.099380 -0.700737
v -0.945474 2.679724 -0.700714
v -0.918876 2.679724 -0.722876
v -0.918895 2.099380 -0.722903
v -0.695698 2.099380 -0.702597
v -0.722628 2.099380 -0.724364
v -0.753287 2.099380 -0.740460
v -0.786498 2.099380 -0.750265
v -0.820983 2.099380 -0.753402
v -0.855387 2.099380 -0.749605
v -0.888478 2.099380 -0.739453
v -0.967265 2.099380 -0.673806
v -0.983361 2.099380 -0.643147
v -0.993165 2.099380 -0.609936
v -0.996303 2.099380 -0.575451
v -0.992652 2.099380 -0.541017
v -0.982354 2.099380 -0.507956
v -0.965804 2.099380 -0.477540
v -0.943638 2.099380 -0.450936
v -0.720441 2.099380 -0.430630
v -0.693838 2.099380 -0.452797
v -0.672070 2.099380 -0.479727
v -0.655975 2.099380 -0.510386
v -0.646170 2.099380 -0.543597
v -0.643032 2.099380 -0.578082
v -0.646683 2.099380 -0.612517
v -0.656981 2.099380 -0.645577
v -0.673532 2.099380 -0.675994
v -0.750857 2.099380 -0.414080
v -0.783918 2.099380 -0.403782
v -0.818352 2.099380 -0.400131
v -0.852837 2.099380 -0.403269
v -0.886048 2.099380 -0.413073
v -0.916707 2.099380 -0.429169
v -0.967238 2.679724 -0.673788
v -0.983330 2.679724 -0.643135
v -0.993133 2.679724 -0.609930
v -0.996270 2.679724 -0.575452
v -0.992620 2.679724 -0.541023
v -0.982300 2.679705 -0.507979
v -0.965756 2.679705 -0.477572
v -0.943597 2.679705 -0.450978
v -0.888466 2.679724 -0.739423
v -0.855411 2.679724 -0.749719
v -0.820983 2.679724 -0.753369
v -0.786504 2.679724 -0.750233
v -0.753300 2.679724 -0.740430
v -0.722646 2.679724 -0.724337
v -0.695721 2.679724 -0.702574
v -0.673558 2.679724 -0.675975
v -0.657011 2.679724 -0.645565
v -0.646715 2.679724 -0.612510
v -0.643065 2.679724 -0.578082
v -0.646202 2.679724 -0.543603
v -0.656005 2.679724 -0.510399
v -0.672097 2.679724 -0.479745
v -0.693861 2.679724 -0.452820
v -0.720459 2.679724 -0.430657
v -0.750870 2.679724 -0.414110
v -0.783945 2.679649 -0.403914
v -0.818353 2.679649 -0.400266
v -0.852831 2.679724 -0.403301
v -0.885997 2.679649 -0.413198
v -0.916689 2.679724 -0.429196
v -0.989220 2.714311 -0.541726
v -0.992798 2.714311 -0.575477
v -0.989723 2.714311 -0.609278
v -0.980113 2.714311 -0.641830
v -0.964337 2.714311 -0.671881
v -0.943001 2.714311 -0.698277
v -0.916926 2.714311 -0.720003
v -0.887113 2.714311 -0.736225
v -0.854708 2.714311 -0.746319
v -0.820957 2.714311 -0.749897
v -0.787156 2.714311 -0.746822
v -0.754604 2.714311 -0.737212
v -0.724553 2.714311 -0.721436
v -0.698157 2.714311 -0.700100
v -0.676431 2.714311 -0.674025
v -0.660209 2.714311 -0.644212
v -0.650115 2.714311 -0.611807
v -0.646537 2.714311 -0.578056
v -0.649612 2.714311 -0.544255
v -0.659222 2.714311 -0.511703
v -0.674998 2.714311 -0.481652
v -0.696334 2.714311 -0.455256
v -0.722409 2.714311 -0.433530
v -0.752222 2.714311 -0.417308
v -0.784627 2.714311 -0.407214
v -0.818378 2.714311 -0.403636
v -0.852179 2.714311 -0.406711
v -0.884731 2.714311 -0.416321
v -0.914782 2.714311 -0.432097
v -0.941178 2.714311 -0.453433
v -0.962904 2.714311 -0.479508
v -0.979126 2.714311 -0.509321
v -0.979383 2.747426 -0.543759
v -0.982753 2.747426 -0.575552
v -0.979857 2.747426 -0.607392
v -0.970804 2.747426 -0.638055
v -0.955943 2.747426 -0.666362
v -0.935845 2.747426 -0.691227
v -0.911283 2.747426 -0.711693
v -0.883200 2.747426 -0.726973
v -0.852675 2.747426 -0.736482
v -0.820882 2.747426 -0.739852
v -0.789042 2.747426 -0.736956
v -0.758380 2.747426 -0.727903
v -0.730072 2.747426 -0.713042
v -0.705207 2.747426 -0.692944
v -0.684742 2.747426 -0.668382
v -0.669461 2.747426 -0.640299
v -0.659953 2.747426 -0.609774
v -0.656582 2.747426 -0.577981
v -0.659479 2.747426 -0.546141
v -0.668531 2.747426 -0.515478
v -0.683392 2.747426 -0.487171
v -0.703490 2.747426 -0.462306
v -0.728052 2.747426 -0.441841
v -0.756135 2.747426 -0.426560
v -0.786660 2.747426 -0.417052
v -0.818453 2.747426 -0.413681
v -0.850293 2.747426 -0.416578
v -0.880956 2.747426 -0.425630
v -0.909263 2.747426 -0.440491
v -0.934128 2.747426 -0.460589
v -0.954594 2.747426 -0.485151
v -0.969874 2.747426 -0.513234
v -0.963407 2.777945 -0.547061
v -0.966441 2.777945 -0.575674
v -0.963834 2.777945 -0.604329
v -0.955687 2.777945 -0.631924
v -0.942312 2.777945 -0.657400
v -0.924225 2.777945 -0.679778
v -0.902119 2.777945 -0.698197
v -0.876845 2.777945 -0.711949
v -0.849374 2.777945 -0.720506
v -0.820761 2.777945 -0.723540
v -0.792105 2.777945 -0.720933
v -0.764510 2.777945 -0.712786
v -0.739034 2.777945 -0.699411
v -0.716656 2.777945 -0.681324
v -0.698237 2.777945 -0.659218
v -0.684485 2.777945 -0.633944
v -0.675928 2.777945 -0.606473
v -0.672894 2.777945 -0.577860
v -0.675501 2.777945 -0.549205
v -0.683649 2.777945 -0.521609
v -0.697023 2.777945 -0.496133
v -0.715110 2.777945 -0.473755
v -0.737216 2.777945 -0.455336
v -0.762490 2.777945 -0.441584
v -0.789962 2.777945 -0.433027
v -0.818575 2.777945 -0.429993
v -0.847230 2.777945 -0.432600
v -0.874825 2.777945 -0.440748
v -0.900302 2.777945 -0.454122
v -0.922679 2.777945 -0.472209
v -0.941098 2.777945 -0.494315
v -0.954850 2.777945 -0.519589
v -0.941908 2.804696 -0.551504
v -0.944488 2.804696 -0.575837
v -0.942271 2.804696 -0.600206
v -0.935342 2.804696 -0.623675
v -0.923968 2.804696 -0.645340
v -0.908586 2.804696 -0.664371
v -0.889787 2.804696 -0.680034
v -0.868293 2.804696 -0.691730
v -0.844931 2.804696 -0.699007
v -0.820597 2.804696 -0.701587
v -0.796228 2.804696 -0.699370
v -0.772760 2.804696 -0.692441
v -0.751094 2.804696 -0.681067
v -0.732064 2.804696 -0.665685
v -0.716400 2.804696 -0.646886
v -0.704704 2.804696 -0.625392
v -0.697427 2.804696 -0.602030
v -0.694847 2.804696 -0.577696
v -0.697064 2.804696 -0.553327
v -0.703993 2.804696 -0.529859
v -0.715367 2.804696 -0.508193
v -0.730749 2.804696 -0.489163
v -0.749548 2.804696 -0.473499
v -0.771042 2.804696 -0.461803
v -0.794405 2.804696 -0.454526
v -0.818738 2.804696 -0.451946
v -0.843107 2.804696 -0.454163
v -0.866576 2.804696 -0.461092
v -0.888241 2.804696 -0.472466
v -0.907272 2.804696 -0.487848
v -0.922935 2.804696 -0.506647
v -0.934631 2.804696 -0.528141
v -0.915711 2.826649 -0.556918
v -0.917738 2.826649 -0.576036
v -0.915996 2.826649 -0.595183
v -0.910553 2.826649 -0.613622
v -0.901616 2.826649 -0.630644
v -0.889530 2.826649 -0.645597
v -0.874760 2.826649 -0.657904
v -0.857872 2.826649 -0.667093
v -0.839517 2.826649 -0.672810
v -0.820398 2.826649 -0.674837
v -0.801251 2.826649 -0.673095
v -0.782812 2.826649 -0.667652
v -0.765790 2.826649 -0.658715
v -0.750838 2.826649 -0.646629
v -0.738531 2.826649 -0.631859
v -0.729342 2.826649 -0.614971
v -0.723624 2.826649 -0.596615
v -0.721597 2.826649 -0.577497
v -0.723339 2.826649 -0.558350
v -0.728783 2.826649 -0.539911
v -0.737719 2.826649 -0.522889
v -0.749805 2.826649 -0.507937
v -0.764575 2.826649 -0.495629
v -0.781463 2.826649 -0.486441
v -0.799819 2.826649 -0.480723
v -0.818937 2.826649 -0.478696
v -0.838084 2.826649 -0.480438
v -0.856523 2.826649 -0.485882
v -0.873546 2.826649 -0.494818
v -0.888498 2.826649 -0.506904
v -0.900805 2.826649 -0.521674
v -0.909994 2.826649 -0.538562
v -0.885824 2.842962 -0.563094
v -0.887220 2.842962 -0.576263
v -0.886020 2.842962 -0.589452
v -0.882270 2.842962 -0.602153
v -0.876115 2.842962 -0.613878
v -0.867790 2.842962 -0.624177
v -0.857616 2.842962 -0.632655
v -0.845984 2.842962 -0.638984
v -0.833340 2.842962 -0.642923
v -0.820171 2.842962 -0.644319
v -0.806982 2.842962 -0.643119
v -0.794281 2.842962 -0.639369
v -0.782556 2.842962 -0.633214
v -0.772257 2.842962 -0.624889
v -0.763779 2.842962 -0.614715
v -0.757450 2.842962 -0.603082
v -0.753511 2.842962 -0.590439
v -0.752115 2.842962 -0.577270
v -0.753315 2.842962 -0.564081
v -0.757065 2.842962 -0.551380
v -0.763220 2.842962 -0.539655
v -0.771545 2.842962 -0.529356
v -0.781719 2.842962 -0.520878
v -0.793352 2.842962 -0.514549
v -0.805995 2.842962 -0.510610
v -0.819165 2.842962 -0.509214
v -0.832353 2.842962 -0.510414
v -0.845054 2.842962 -0.514164
v -0.856779 2.842962 -0.520319
v -0.867079 2.842962 -0.528644
v -0.875556 2.842962 -0.538818
v -0.881885 2.842962 -0.550451
v -0.853394 2.853008 -0.569797
v -0.854105 2.853008 -0.576510
v -0.853494 2.853008 -0.583233
v -0.851582 2.853008 -0.589708
v -0.848444 2.853008 -0.595686
v -0.844200 2.853008 -0.600936
v -0.839014 2.853008 -0.605258
v -0.833083 2.853008 -0.608485
v -0.826638 2.853008 -0.610493
v -0.819924 2.853008 -0.611204
v -0.813201 2.853008 -0.610593
v -0.806726 2.853008 -0.608681
v -0.800748 2.853008 -0.605543
v -0.795498 2.853008 -0.601299
v -0.791176 2.853008 -0.596112
v -0.787949 2.853008 -0.590182
v -0.785941 2.853008 -0.583737
v -0.785230 2.853008 -0.577023
v -0.785841 2.853008 -0.570300
v -0.787753 2.853008 -0.563825
v -0.790891 2.853008 -0.557847
v -0.795135 2.853008 -0.552597
v -0.800322 2.853008 -0.548275
v -0.806252 2.853008 -0.545048
v -0.812698 2.853008 -0.543040
v -0.819411 2.853008 -0.542329
v -0.826135 2.853008 -0.542940
v -0.832609 2.853008 -0.544852
v -0.838587 2.853008 -0.547990
v -0.843837 2.853008 -0.552234
v -0.848159 2.853008 -0.557421
v -0.851386 2.853008 -0.563351
v -0.819668 2.856399 -0.576766
v -0.924225 2.001681 -0.679778
v -0.935845 2.032200 -0.691227
v -0.911283 2.032200 -0.711693
v -0.902119 2.001681 -0.698197
v -0.908586 1.974930 -0.664371
v -0.889787 1.974930 -0.680034
v -0.942312 2.001681 -0.657400
v -0.955943 2.032200 -0.666362
v -0.943001 2.065315 -0.698277
v -0.916926 2.065315 -0.720003
v -0.883200 2.032200 -0.726973
v -0.876845 2.001681 -0.711949
v -0.889530 1.952977 -0.645597
v -0.874760 1.952977 -0.657904
v -0.923968 1.974930 -0.645340
v -0.868293 1.974930 -0.691730
v -0.955687 2.001681 -0.631924
v -0.970804 2.032200 -0.638055
v -0.964337 2.065315 -0.671881
v -0.887113 2.065315 -0.736225
v -0.852675 2.032200 -0.736482
v -0.849374 2.001681 -0.720506
v -0.867790 1.936664 -0.624177
v -0.857616 1.936664 -0.632655
v -0.901616 1.952977 -0.630644
v -0.857872 1.952977 -0.667093
v -0.935342 1.974930 -0.623674
v -0.844931 1.974930 -0.699007
v -0.963834 2.001681 -0.604329
v -0.979856 2.032200 -0.607392
v -0.980113 2.065315 -0.641830
v -0.854708 2.065315 -0.746319
v -0.820882 2.032200 -0.739852
v -0.820761 2.001681 -0.723540
v -0.844200 1.926619 -0.600936
v -0.839014 1.926619 -0.605258
v -0.876115 1.936664 -0.613878
v -0.845984 1.936664 -0.638984
v -0.910553 1.952977 -0.613622
v -0.839517 1.952977 -0.672810
v -0.942271 1.974930 -0.600206
v -0.820597 1.974930 -0.701587
v -0.966441 2.001681 -0.575674
v -0.982753 2.032200 -0.575552
v -0.989723 2.065315 -0.609278
v -0.820957 2.065315 -0.749897
v -0.789042 2.032200 -0.736956
v -0.792105 2.001681 -0.720933
v -0.819668 1.923227 -0.576767
v -0.848444 1.926619 -0.595686
v -0.833083 1.926619 -0.608485
v -0.882270 1.936664 -0.602153
v -0.833340 1.936664 -0.642923
v -0.915996 1.952977 -0.595183
v -0.820398 1.952977 -0.674837
v -0.944488 1.974930 -0.575837
v -0.796228 1.974930 -0.699370
v -0.963407 2.001681 -0.547061
v -0.979383 2.032200 -0.543759
v -0.992798 2.065315 -0.575477
v -0.787156 2.065315 -0.746822
v -0.758379 2.032200 -0.727903
v -0.764510 2.001681 -0.712786
v -0.851582 1.926619 -0.589708
v -0.826638 1.926619 -0.610493
v -0.886020 1.936664 -0.589452
v -0.820171 1.936664 -0.644319
v -0.917738 1.952977 -0.576036
v -0.801251 1.952977 -0.673095
v -0.941908 1.974930 -0.551504
v -0.772760 1.974930 -0.692441
v -0.954850 2.001681 -0.519589
v -0.969874 2.032200 -0.513234
v -0.989220 2.065315 -0.541726
v -0.754604 2.065315 -0.737212
v -0.730072 2.032200 -0.713042
v -0.739034 2.001681 -0.699411
v -0.853494 1.926619 -0.583233
v -0.819924 1.926619 -0.611204
v -0.887220 1.936664 -0.576263
v -0.806982 1.936664 -0.643119
v -0.915711 1.952977 -0.556918
v -0.782812 1.952977 -0.667652
v -0.934631 1.974930 -0.528141
v -0.751094 1.974930 -0.681067
v -0.941098 2.001681 -0.494315
v -0.954594 2.032200 -0.485151
v -0.979126 2.065315 -0.509321
v -0.724553 2.065315 -0.721436
v -0.705207 2.032200 -0.692944
v -0.716656 2.001681 -0.681324
v -0.854105 1.926619 -0.576510
v -0.813201 1.926619 -0.610593
v -0.885824 1.936664 -0.563094
v -0.794281 1.936664 -0.639369
v -0.909994 1.952977 -0.538562
v -0.765790 1.952977 -0.658715
v -0.922935 1.974930 -0.506647
v -0.732064 1.974930 -0.665685
v -0.922679 2.001681 -0.472209
v -0.934128 2.032200 -0.460589
v -0.962904 2.065315 -0.479508
v -0.698157 2.065315 -0.700100
v -0.684742 2.032200 -0.668382
v -0.698237 2.001681 -0.659218
v -0.853394 1.926619 -0.569797
v -0.806726 1.926619 -0.608681
v -0.881885 1.936664 -0.550451
v -0.782556 1.936664 -0.633214
v -0.900805 1.952977 -0.521674
v -0.750838 1.952977 -0.646629
v -0.907272 1.974930 -0.487848
v -0.716400 1.974930 -0.646886
v -0.900302 2.001681 -0.454122
v -0.909263 2.032200 -0.440491
v -0.941178 2.065315 -0.453433
v -0.676431 2.065315 -0.674025
v -0.669461 2.032200 -0.640299
v -0.684485 2.001681 -0.633944
v -0.851386 1.926619 -0.563351
v -0.800748 1.926619 -0.605543
v -0.875556 1.936664 -0.538818
v -0.772257 1.936664 -0.624889
v -0.888498 1.952977 -0.506904
v -0.738531 1.952977 -0.631859
v -0.888241 1.974930 -0.472466
v -0.704704 1.974930 -0.625392
v -0.874825 2.001681 -0.440748
v -0.880956 2.032200 -0.425630
v -0.914782 2.065315 -0.432097
v -0.660209 2.065315 -0.644212
v -0.659953 2.032200 -0.609774
v -0.675928 2.001681 -0.606473
v -0.848159 1.926619 -0.557421
v -0.795498 1.926619 -0.601299
v -0.867079 1.936664 -0.528644
v -0.763779 1.936664 -0.614715
v -0.873545 1.952977 -0.494818
v -0.729342 1.952977 -0.614971
v -0.866575 1.974930 -0.461092
v -0.697427 1.974930 -0.602029
v -0.847230 2.001681 -0.432600
v -0.850293 2.032200 -0.416578
v -0.884731 2.065315 -0.416321
v -0.650115 2.065315 -0.611807
v -0.656582 2.032200 -0.577981
v -0.672894 2.001681 -0.577860
v -0.843837 1.926619 -0.552234
v -0.791176 1.926619 -0.596112
v -0.856779 1.936664 -0.520319
v -0.757450 1.936664 -0.603082
v -0.856523 1.952977 -0.485882
v -0.723624 1.952977 -0.596615
v -0.843107 1.974930 -0.454163
v -0.694847 1.974930 -0.577696
v -0.818575 2.001681 -0.429993
v -0.818453 2.032200 -0.413681
v -0.852179 2.065315 -0.406711
v -0.646537 2.065315 -0.578056
v -0.659479 2.032200 -0.546141
v -0.675501 2.001681 -0.549205
v -0.838587 1.926619 -0.547990
v -0.787949 1.926619 -0.590182
v -0.845054 1.936664 -0.514164
v -0.753511 1.936664 -0.590439
v -0.838084 1.952977 -0.480438
v -0.721597 1.952977 -0.577497
v -0.818738 1.974930 -0.451946
v -0.697064 1.974930 -0.553327
v -0.789962 2.001681 -0.433027
v -0.786660 2.032200 -0.417052
v -0.818378 2.065315 -0.403636
v -0.649612 2.065315 -0.544255
v -0.668531 2.032200 -0.515478
v -0.683649 2.001681 -0.521609
v -0.832609 1.926619 -0.544852
v -0.785941 1.926619 -0.583737
v -0.832353 1.936664 -0.510414
v -0.752115 1.936664 -0.577270
v -0.818937 1.952977 -0.478696
v -0.723339 1.952977 -0.558350
v -0.794405 1.974930 -0.454526
v -0.703993 1.974930 -0.529859
v -0.762490 2.001681 -0.441584
v -0.756135 2.032200 -0.426560
v -0.784627 2.065315 -0.407214
v -0.659222 2.065315 -0.511703
v -0.683392 2.032200 -0.487171
v -0.697023 2.001681 -0.496133
v -0.826135 1.926619 -0.542940
v -0.785230 1.926619 -0.577023
v -0.819165 1.936664 -0.509214
v -0.753315 1.936664 -0.564081
v -0.799819 1.952977 -0.480723
v -0.728783 1.952977 -0.539911
v -0.771042 1.974930 -0.461803
v -0.715367 1.974930 -0.508193
v -0.737216 2.001681 -0.455336
v -0.728052 2.032200 -0.441841
v -0.752222 2.065315 -0.417308
v -0.674998 2.065315 -0.481652
v -0.703490 2.032200 -0.462306
v -0.715110 2.001681 -0.473755
v -0.819411 1.926619 -0.542329
v -0.785841 1.926619 -0.570300
v -0.805995 1.936664 -0.510610
v -0.757065 1.936664 -0.551380
v -0.781463 1.952977 -0.486441
v -0.737719 1.952977 -0.522889
v -0.749548 1.974930 -0.473499
v -0.730749 1.974930 -0.489163
v -0.722409 2.065315 -0.433530
v -0.696334 2.065315 -0.455256
v -0.812698 1.926619 -0.543040
v -0.787753 1.926619 -0.563825
v -0.793352 1.936664 -0.514549
v -0.763220 1.936664 -0.539655
v -0.764575 1.952977 -0.495630
v -0.749805 1.952977 -0.507937
v -0.806252 1.926619 -0.545048
v -0.790891 1.926619 -0.557847
v -0.781719 1.936664 -0.520878
v -0.771545 1.936664 -0.529356
v -0.800322 1.926619 -0.548275
v -0.795135 1.926619 -0.552597
v -0.707664 2.099380 -0.942139
v -0.707641 2.679724 -0.942116
v -0.681043 2.679724 -0.964278
v -0.681061 2.099380 -0.964305
v -0.457864 2.099380 -0.943999
v -0.484794 2.099380 -0.965766
v -0.515454 2.099380 -0.981862
v -0.548664 2.099380 -0.991667
v -0.583149 2.099380 -0.994804
v -0.617584 2.099380 -0.991154
v -0.650645 2.099380 -0.980855
v -0.729432 2.099380 -0.915209
v -0.745527 2.099380 -0.884549
v -0.755332 2.099380 -0.851339
v -0.758469 2.099380 -0.816854
v -0.754819 2.099380 -0.782419
v -0.744521 2.099380 -0.749358
v -0.727970 2.099380 -0.718942
v -0.705804 2.099380 -0.692339
v -0.456004 2.099380 -0.694199
v -0.434236 2.099380 -0.721129
v -0.418141 2.099380 -0.751789
v -0.408336 2.099380 -0.784999
v -0.405199 2.099380 -0.819484
v -0.408849 2.099380 -0.853919
v -0.419148 2.099380 -0.886980
v -0.435698 2.099380 -0.917396
v -0.482523 2.099380 -0.671909
v -0.512965 2.099380 -0.655345
v -0.546054 2.099380 -0.645038
v -0.580520 2.099380 -0.641683
v -0.615004 2.099380 -0.644671
v -0.648214 2.099380 -0.654476
v -0.678874 2.099380 -0.670571
v -0.729404 2.679724 -0.915191
v -0.745497 2.679724 -0.884537
v -0.755300 2.679724 -0.851333
v -0.758437 2.679724 -0.816854
v -0.754787 2.679724 -0.782426
v -0.744491 2.679724 -0.749371
v -0.727943 2.679724 -0.718960
v -0.705781 2.679724 -0.692362
v -0.650632 2.679724 -0.980825
v -0.617578 2.679724 -0.991122
v -0.583149 2.679724 -0.994772
v -0.548671 2.679724 -0.991635
v -0.515466 2.679724 -0.981832
v -0.484812 2.679724 -0.965739
v -0.457887 2.679724 -0.943976
v -0.435725 2.679724 -0.917378
v -0.419178 2.679724 -0.886967
v -0.408881 2.679724 -0.853912
v -0.405231 2.679724 -0.819484
v -0.408368 2.679724 -0.785005
v -0.418171 2.679724 -0.751801
v -0.434264 2.679724 -0.721147
v -0.456027 2.679724 -0.694222
v -0.482626 2.679724 -0.672060
v -0.513036 2.679724 -0.655513
v -0.546091 2.679724 -0.645216
v -0.580519 2.679724 -0.641566
v -0.614998 2.679724 -0.644703
v -0.648202 2.679724 -0.654506
v -0.678856 2.679724 -0.670599
v -0.751387 2.714311 -0.783128
v -0.754965 2.714311 -0.816880
v -0.751890 2.714311 -0.850680
v -0.742279 2.714311 -0.883232
v -0.726503 2.714311 -0.913283
v -0.705168 2.714311 -0.939679
v -0.679092 2.714311 -0.961406
v -0.649280 2.714311 -0.977627
v -0.616875 2.714311 -0.987721
v -0.583123 2.714311 -0.991300
v -0.549322 2.714311 -0.988225
v -0.516771 2.714311 -0.978614
v -0.486720 2.714311 -0.962838
v -0.460324 2.714311 -0.941502
v -0.438597 2.714311 -0.915427
v -0.422376 2.714311 -0.885614
v -0.412282 2.714311 -0.853209
v -0.408703 2.714311 -0.819458
v -0.411779 2.714311 -0.785657
v -0.421389 2.714311 -0.753106
v -0.437165 2.714311 -0.723055
v -0.458501 2.714311 -0.696659
v -0.484576 2.714311 -0.674932
v -0.514389 2.714311 -0.658710
v -0.546794 2.714311 -0.648616
v -0.580545 2.714311 -0.645038
v -0.614346 2.714311 -0.648113
v -0.646897 2.714311 -0.657724
v -0.676948 2.714311 -0.673500
v -0.703344 2.714311 -0.694835
v -0.725071 2.714311 -0.720911
v -0.741293 2.714311 -0.750724
v -0.741549 2.747426 -0.785161
v -0.744920 2.747426 -0.816954
v -0.742023 2.747426 -0.848794
v -0.732970 2.747426 -0.879457
v -0.718110 2.747426 -0.907764
v -0.698012 2.747426 -0.932629
v -0.673449 2.747426 -0.953095
v -0.645366 2.747426 -0.968376
v -0.614842 2.747426 -0.977884
v -0.583049 2.747426 -0.981254
v -0.551209 2.747426 -0.978358
v -0.520546 2.747426 -0.969305
v -0.492238 2.747426 -0.954444
v -0.467374 2.747426 -0.934347
v -0.446908 2.747426 -0.909784
v -0.431627 2.747426 -0.881701
v -0.422119 2.747426 -0.851176
v -0.418748 2.747426 -0.819383
v -0.421645 2.747426 -0.787544
v -0.430698 2.747426 -0.756881
v -0.445559 2.747426 -0.728573
v -0.465656 2.747426 -0.703709
v -0.490219 2.747426 -0.683243
v -0.518302 2.747426 -0.667962
v -0.548827 2.747426 -0.658454
v -0.580620 2.747426 -0.655083
v -0.612459 2.747426 -0.657980
v -0.643122 2.747426 -0.667033
v -0.671430 2.747426 -0.681893
v -0.696294 2.747426 -0.701991
v -0.716760 2.747426 -0.726554
v -0.732041 2.747426 -0.754637
v -0.725574 2.777946 -0.788463
v -0.728607 2.777946 -0.817076
v -0.726000 2.777945 -0.845731
v -0.717853 2.777945 -0.873327
v -0.704479 2.777945 -0.898803
v -0.686391 2.777945 -0.921180
v -0.664286 2.777945 -0.939599
v -0.639012 2.777945 -0.953351
v -0.611540 2.777945 -0.961909
v -0.582927 2.777945 -0.964942
v -0.554272 2.777945 -0.962335
v -0.526676 2.777945 -0.954188
v -0.501200 2.777945 -0.940814
v -0.478823 2.777945 -0.922726
v -0.460404 2.777945 -0.900620
v -0.446652 2.777945 -0.875346
v -0.438094 2.777945 -0.847875
v -0.435061 2.777945 -0.819262
v -0.437668 2.777945 -0.790607
v -0.445815 2.777945 -0.763011
v -0.459190 2.777945 -0.737535
v -0.477277 2.777945 -0.715157
v -0.499383 2.777945 -0.696739
v -0.524657 2.777945 -0.682986
v -0.552128 2.777945 -0.674429
v -0.580741 2.777946 -0.671396
v -0.609396 2.777946 -0.674003
v -0.636992 2.777946 -0.682150
v -0.662468 2.777946 -0.695524
v -0.684846 2.777946 -0.713612
v -0.703264 2.777946 -0.735717
v -0.717017 2.777946 -0.760991
v -0.704075 2.804696 -0.792906
v -0.706654 2.804696 -0.817239
v -0.704437 2.804696 -0.841608
v -0.697509 2.804696 -0.865077
v -0.686135 2.804696 -0.886742
v -0.670753 2.804696 -0.905773
v -0.651953 2.804696 -0.921437
v -0.630460 2.804696 -0.933132
v -0.607097 2.804696 -0.940409
v -0.582764 2.804696 -0.942989
v -0.558395 2.804696 -0.940772
v -0.534926 2.804696 -0.933843
v -0.513260 2.804696 -0.922470
v -0.494230 2.804696 -0.907087
v -0.478566 2.804696 -0.888288
v -0.466871 2.804696 -0.866794
v -0.459594 2.804696 -0.843432
v -0.457014 2.804696 -0.819098
v -0.459231 2.804696 -0.794729
v -0.466159 2.804696 -0.771261
v -0.477533 2.804696 -0.749595
v -0.492916 2.804696 -0.730565
v -0.511715 2.804696 -0.714901
v -0.533209 2.804696 -0.703206
v -0.556571 2.804696 -0.695928
v -0.580905 2.804696 -0.693349
v -0.605274 2.804696 -0.695566
v -0.628742 2.804696 -0.702494
v -0.650408 2.804696 -0.713868
v -0.669438 2.804696 -0.729250
v -0.685102 2.804696 -0.748050
v -0.696797 2.804696 -0.769543
v -0.677878 2.826649 -0.798320
v -0.679905 2.826649 -0.817439
v -0.678163 2.826649 -0.836585
v -0.672719 2.826649 -0.855024
v -0.663783 2.826649 -0.872047
v -0.651697 2.826649 -0.886999
v -0.636927 2.826649 -0.899306
v -0.620039 2.826649 -0.908495
v -0.601683 2.826649 -0.914213
v -0.582564 2.826649 -0.916240
v -0.563418 2.826649 -0.914498
v -0.544979 2.826649 -0.909054
v -0.527956 2.826649 -0.900117
v -0.513004 2.826649 -0.888032
v -0.500697 2.826649 -0.873261
v -0.491508 2.826649 -0.856374
v -0.485790 2.826649 -0.838018
v -0.483763 2.826649 -0.818899
v -0.485505 2.826649 -0.799752
v -0.490949 2.826649 -0.781314
v -0.499886 2.826649 -0.764291
v -0.511971 2.826649 -0.749339
v -0.526742 2.826649 -0.737032
v -0.543629 2.826649 -0.727843
v -0.561985 2.826649 -0.722125
v -0.581104 2.826649 -0.720098
v -0.600250 2.826649 -0.721840
v -0.618689 2.826649 -0.727284
v -0.635712 2.826649 -0.736220
v -0.650664 2.826649 -0.748306
v -0.662971 2.826649 -0.763076
v -0.672160 2.826649 -0.779964
v -0.647990 2.842962 -0.804497
v -0.649386 2.842962 -0.817666
v -0.648187 2.842962 -0.830854
v -0.644437 2.842962 -0.843555
v -0.638281 2.842962 -0.855281
v -0.629956 2.842962 -0.865580
v -0.619782 2.842962 -0.874057
v -0.608150 2.842962 -0.880387
v -0.595506 2.842962 -0.884325
v -0.582337 2.842962 -0.885721
v -0.569149 2.842962 -0.884521
v -0.556448 2.842962 -0.880772
v -0.544722 2.842962 -0.874616
v -0.534423 2.842962 -0.866291
v -0.525946 2.842962 -0.856117
v -0.519616 2.842962 -0.844485
v -0.515678 2.842962 -0.831841
v -0.514282 2.842962 -0.818672
v -0.515482 2.842962 -0.805483
v -0.519231 2.842962 -0.792782
v -0.525387 2.842962 -0.781057
v -0.533712 2.842962 -0.770758
v -0.543886 2.842962 -0.762281
v -0.555518 2.842962 -0.755951
v -0.568162 2.842962 -0.752013
v -0.581331 2.842962 -0.750617
v -0.594520 2.842962 -0.751816
v -0.607221 2.842962 -0.755566
v -0.618946 2.842962 -0.761722
v -0.629245 2.842962 -0.770046
v -0.637722 2.842962 -0.780221
v -0.644052 2.842962 -0.791853
v -0.615560 2.853008 -0.811199
v -0.616272 2.853008 -0.817912
v -0.615660 2.853008 -0.824636
v -0.613749 2.853008 -0.831111
v -0.610611 2.853008 -0.837088
v -0.606367 2.853008 -0.842339
v -0.601180 2.853008 -0.846660
v -0.595250 2.853008 -0.849887
v -0.588804 2.853008 -0.851895
v -0.582091 2.853008 -0.852607
v -0.575367 2.853008 -0.851995
v -0.568892 2.853008 -0.850083
v -0.562915 2.853008 -0.846945
v -0.557664 2.853008 -0.842701
v -0.553343 2.853008 -0.837515
v -0.550116 2.853008 -0.831585
v -0.548108 2.853008 -0.825139
v -0.547396 2.853008 -0.818425
v -0.548008 2.853008 -0.811702
v -0.549920 2.853008 -0.805227
v -0.553058 2.853008 -0.799249
v -0.557301 2.853008 -0.793999
v -0.562488 2.853008 -0.789677
v -0.568418 2.853008 -0.786451
v -0.574864 2.853008 -0.784443
v -0.581578 2.853008 -0.783731
v -0.588301 2.853008 -0.784343
v -0.594776 2.853008 -0.786254
v -0.600754 2.853008 -0.789392
v -0.606004 2.853008 -0.793636
v -0.610326 2.853008 -0.798823
v -0.613552 2.853008 -0.804753
v -0.581834 2.856399 -0.818169
v -0.686391 2.001681 -0.921180
v -0.698012 2.032200 -0.932629
v -0.673449 2.032200 -0.953095
v -0.664286 2.001681 -0.939599
v -0.670753 1.974930 -0.905773
v -0.651953 1.974930 -0.921437
v -0.704479 2.001681 -0.898803
v -0.718110 2.032200 -0.907765
v -0.705168 2.065315 -0.939679
v -0.679092 2.065315 -0.961406
v -0.645366 2.032200 -0.968376
v -0.639012 2.001681 -0.953351
v -0.651697 1.952977 -0.886999
v -0.636927 1.952977 -0.899306
v -0.686135 1.974930 -0.886742
v -0.630460 1.974930 -0.933132
v -0.717853 2.001681 -0.873327
v -0.732970 2.032200 -0.879457
v -0.726503 2.065315 -0.913283
v -0.649280 2.065315 -0.977627
v -0.614842 2.032200 -0.977884
v -0.611540 2.001681 -0.961909
v -0.629956 1.936664 -0.865580
v -0.619782 1.936664 -0.874057
v -0.663783 1.952977 -0.872047
v -0.620039 1.952977 -0.908495
v -0.697509 1.974930 -0.865077
v -0.607097 1.974930 -0.940409
v -0.726000 2.001681 -0.845731
v -0.742023 2.032200 -0.848794
v -0.742279 2.065315 -0.883232
v -0.616875 2.065315 -0.987721
v -0.583049 2.032200 -0.981254
v -0.582927 2.001681 -0.964942
v -0.585471 1.926619 -0.821752
v -0.584702 1.926619 -0.822393
v -0.638281 1.936664 -0.855281
v -0.608150 1.936664 -0.880387
v -0.672719 1.952977 -0.855024
v -0.601683 1.952977 -0.914213
v -0.704437 1.974930 -0.841608
v -0.582764 1.974930 -0.942989
v -0.728607 2.001681 -0.817076
v -0.744920 2.032200 -0.816954
v -0.751890 2.065315 -0.850680
v -0.583123 2.065315 -0.991300
v -0.551209 2.032200 -0.978358
v -0.554272 2.001681 -0.962335
v -0.586100 1.926619 -0.820974
v -0.583823 1.926619 -0.822871
v -0.644437 1.936664 -0.843555
v -0.595506 1.936664 -0.884325
v -0.678163 1.952977 -0.836585
v -0.582564 1.952977 -0.916240
v -0.706654 1.974930 -0.817239
v -0.558394 1.974930 -0.940772
v -0.725574 2.001681 -0.788463
v -0.741549 2.032200 -0.785161
v -0.754965 2.065315 -0.816880
v -0.549322 2.065315 -0.988225
v -0.520546 2.032200 -0.969305
v -0.526676 2.001681 -0.954188
v -0.586566 1.926619 -0.820087
v -0.582867 1.926619 -0.823169
v -0.648187 1.936664 -0.830854
v -0.582337 1.936664 -0.885721
v -0.679905 1.952977 -0.817439
v -0.563418 1.952977 -0.914498
v -0.704075 1.974930 -0.792906
v -0.534926 1.974930 -0.933843
v -0.717017 2.001681 -0.760991
v -0.732041 2.032200 -0.754637
v -0.751387 2.065315 -0.783128
v -0.516771 2.065315 -0.978614
v -0.492238 2.032200 -0.954444
v -0.501200 2.001681 -0.940814
v -0.586849 1.926619 -0.819128
v -0.581872 1.926619 -0.823274
v -0.649386 1.936664 -0.817666
v -0.569149 1.936664 -0.884521
v -0.677878 1.952977 -0.798320
v -0.544979 1.952977 -0.909054
v -0.696797 1.974930 -0.769543
v -0.513260 1.974930 -0.922469
v -0.703264 2.001681 -0.735717
v -0.716760 2.032200 -0.726553
v -0.741293 2.065315 -0.750723
v -0.486720 2.065315 -0.962838
v -0.467374 2.032200 -0.934347
v -0.478823 2.001681 -0.922726
v -0.586940 1.926619 -0.818131
v -0.580875 1.926619 -0.823184
v -0.647990 1.936664 -0.804497
v -0.556448 1.936664 -0.880772
v -0.672160 1.952977 -0.779964
v -0.527956 1.952977 -0.900117
v -0.685102 1.974930 -0.748050
v -0.494230 1.974930 -0.907087
v -0.684846 2.001681 -0.713612
v -0.696294 2.032200 -0.701991
v -0.725071 2.065315 -0.720911
v -0.460324 2.065315 -0.941502
v -0.446908 2.032200 -0.909784
v -0.460404 2.001681 -0.900620
v -0.586834 1.926619 -0.817135
v -0.579915 1.926619 -0.822900
v -0.644052 1.936664 -0.791853
v -0.544722 1.936664 -0.874616
v -0.662971 1.952977 -0.763076
v -0.513004 1.952977 -0.888032
v -0.669438 1.974930 -0.729250
v -0.478566 1.974930 -0.888288
v -0.662468 2.001681 -0.695524
v -0.671430 2.032200 -0.681893
v -0.703344 2.065315 -0.694835
v -0.438597 2.065315 -0.915427
v -0.431627 2.032200 -0.881701
v -0.446652 2.001681 -0.875346
v -0.586537 1.926619 -0.816180
v -0.579029 1.926619 -0.822435
v -0.637722 1.936664 -0.780221
v -0.534423 1.936664 -0.866291
v -0.650664 1.952977 -0.748306
v -0.500697 1.952977 -0.873261
v -0.650408 1.974930 -0.713868
v -0.466871 1.974930 -0.866794
v -0.636992 2.001681 -0.682150
v -0.643122 2.032200 -0.667033
v -0.676948 2.065315 -0.673500
v -0.422376 2.065315 -0.885614
v -0.422119 2.032200 -0.851176
v -0.438094 2.001681 -0.847875
v -0.586058 1.926619 -0.815301
v -0.578251 1.926619 -0.821806
v -0.629245 1.936664 -0.770046
v -0.525946 1.936664 -0.856117
v -0.635712 1.952977 -0.736220
v -0.491508 1.952977 -0.856374
v -0.628742 1.974930 -0.702494
v -0.459594 1.974930 -0.843432
v -0.609396 2.001681 -0.674003
v -0.612459 2.032200 -0.657980
v -0.646897 2.065315 -0.657724
v -0.412282 2.065315 -0.853209
v -0.418748 2.032200 -0.819383
v -0.435061 2.001681 -0.819262
v -0.585417 1.926619 -0.814532
v -0.577610 1.926619 -0.821037
v -0.618946 1.936664 -0.761722
v -0.519616 1.936664 -0.844485
v -0.618689 1.952977 -0.727284
v -0.485790 1.952977 -0.838018
v -0.605274 1.974930 -0.695566
v -0.457014 1.974930 -0.819098
v -0.580741 2.001681 -0.671396
v -0.580620 2.032200 -0.655083
v -0.614346 2.065315 -0.648113
v -0.408703 2.065315 -0.819458
v -0.421645 2.032200 -0.787544
v -0.437668 2.001681 -0.790607
v -0.584639 1.926619 -0.813902
v -0.577132 1.926619 -0.820158
v -0.607221 1.936664 -0.755566
v -0.515678 1.936664 -0.831841
v -0.600250 1.952977 -0.721840
v -0.483763 1.952977 -0.818899
v -0.580905 1.974930 -0.693349
v -0.459231 1.974930 -0.794729
v -0.552128 2.001681 -0.674429
v -0.548827 2.032200 -0.658454
v -0.580545 2.065315 -0.645038
v -0.411779 2.065315 -0.785657
v -0.430698 2.032200 -0.756881
v -0.445815 2.001681 -0.763011
v -0.583753 1.926619 -0.813437
v -0.576834 1.926619 -0.819202
v -0.594520 1.936664 -0.751816
v -0.514282 1.936664 -0.818672
v -0.581104 1.952977 -0.720098
v -0.485505 1.952977 -0.799752
v -0.556571 1.974930 -0.695928
v -0.466159 1.974930 -0.771261
v -0.524657 2.001681 -0.682986
v -0.518302 2.032200 -0.667962
v -0.546794 2.065315 -0.648616
v -0.421389 2.065315 -0.753106
v -0.445559 2.032200 -0.728573
v -0.459189 2.001681 -0.737535
v -0.582793 1.926619 -0.813154
v -0.576728 1.926619 -0.818207
v -0.581331 1.936664 -0.750617
v -0.515482 1.936664 -0.805483
v -0.561985 1.952977 -0.722125
v -0.490949 1.952977 -0.781313
v -0.533209 1.974930 -0.703206
v -0.477533 1.974930 -0.749595
v -0.514389 2.065315 -0.658710
v -0.437165 2.065315 -0.723055
v -0.465656 2.032200 -0.703709
v -0.477277 2.001681 -0.715157
v -0.581796 1.926619 -0.813063
v -0.576819 1.926619 -0.817210
v -0.568162 1.936664 -0.752013
v -0.519231 1.936664 -0.792782
v -0.543629 1.952977 -0.727843
v -0.499886 1.952977 -0.764291
v -0.492916 1.974930 -0.730565
v -0.458501 2.065315 -0.696659
v -0.580801 1.926619 -0.813169
v -0.577102 1.926619 -0.816250
v -0.555518 1.936664 -0.755951
v -0.525387 1.936664 -0.781057
v -0.511971 1.952977 -0.749339
v -0.579840 1.926619 -0.813385
v -0.577568 1.926619 -0.815364
v -0.533712 1.936664 -0.770758
v -0.578124 1.926619 -0.814551
v -0.613552 2.853008 -0.804753
v -0.610326 2.853008 -0.798823
v -0.606004 2.853008 -0.793636
v -0.600754 2.853008 -0.789392
v -0.594776 2.853008 -0.786254
v -0.588301 2.853008 -0.784343
v -0.581578 2.853008 -0.783731
v -0.574864 2.853008 -0.784443
v -0.568418 2.853008 -0.786451
v -0.562488 2.853008 -0.789677
v -0.557301 2.853008 -0.793999
v -0.553058 2.853008 -0.799249
v -0.549920 2.853008 -0.805227
v -0.548008 2.853008 -0.811702
v -0.547396 2.853008 -0.818425
v -0.548108 2.853008 -0.825139
v -0.550116 2.853008 -0.831585
v -0.553343 2.853008 -0.837515
v -0.557664 2.853008 -0.842701
v -0.562915 2.853008 -0.846945
v -0.568892 2.853008 -0.850083
v -0.575367 2.853008 -0.851995
v -0.582091 2.853008 -0.852607
v -0.588804 2.853008 -0.851895
v -0.595250 2.853008 -0.849887
v -0.601180 2.853008 -0.846660
v -0.606367 2.853008 -0.842339
v -0.610611 2.853008 -0.837088
v -0.613749 2.853008 -0.831111
v -0.615660 2.853008 -0.824636
v -0.616272 2.853008 -0.817912
v -0.615560 2.853008 -0.811199
v -0.526456 2.959047 -0.355587
v -0.510923 2.959047 -0.366609
v -0.507734 2.959047 -0.385386
v -0.518755 2.959047 -0.400918
v -0.537532 2.959047 -0.404108
v -0.553064 2.959047 -0.393086
v -0.556254 2.959047 -0.374309
v -0.545232 2.959047 -0.358777
v -0.526527 2.997927 -0.355633
v -0.511025 2.998641 -0.366673
v -0.507805 2.997927 -0.385431
v -0.518755 2.996203 -0.400918
v -0.537460 2.994480 -0.404063
v -0.552963 2.993766 -0.393022
v -0.556182 2.994480 -0.374264
v -0.545232 2.996203 -0.358777
v -0.530055 3.017588 -0.357849
v -0.514991 3.020374 -0.369165
v -0.511333 3.017588 -0.387647
v -0.521223 3.010860 -0.402468
v -0.538867 3.004133 -0.404947
v -0.553931 3.001347 -0.393631
v -0.557589 3.004133 -0.375149
v -0.547700 3.010860 -0.360327
v -0.540302 3.035727 -0.364287
v -0.526572 3.040875 -0.376441
v -0.521580 3.035727 -0.394085
v -0.528250 3.023299 -0.406883
v -0.542674 3.010871 -0.407339
v -0.556404 3.005723 -0.395184
v -0.561396 3.010871 -0.377540
v -0.554727 3.023299 -0.364742
v -0.555638 3.047870 -0.373923
v -0.543905 3.054598 -0.387331
v -0.536916 3.047870 -0.403721
v -0.538766 3.031626 -0.413491
v -0.548371 3.015382 -0.410918
v -0.560104 3.008654 -0.397509
v -0.567093 3.015382 -0.381120
v -0.565243 3.031626 -0.371350
v -0.572277 3.052080 -0.384377
v -0.562298 3.059332 -0.398888
v -0.553555 3.052080 -0.414175
v -0.551171 3.034573 -0.421285
v -0.556542 3.017066 -0.416052
v -0.566521 3.009814 -0.401541
v -0.575264 3.017066 -0.386254
v -0.577648 3.034573 -0.379144
v -0.795461 3.052489 -0.541341
v -0.786691 3.059744 -0.556611
v -0.776739 3.052489 -0.571139
v -0.771434 3.034974 -0.576413
v -0.773884 3.017459 -0.569345
v -0.782654 3.010204 -0.554074
v -0.792606 3.017459 -0.539547
v -0.797911 3.034974 -0.534272
v -0.812114 3.048362 -0.551804
v -0.805104 3.055100 -0.568180
v -0.793392 3.048362 -0.581602
v -0.783839 3.032093 -0.584207
v -0.782040 3.015824 -0.574470
v -0.789050 3.009085 -0.558093
v -0.800763 3.015824 -0.544672
v -0.810316 3.032093 -0.542066
v -0.827478 3.036278 -0.561457
v -0.822476 3.041438 -0.579095
v -0.808756 3.036278 -0.591255
v -0.794355 3.023822 -0.590815
v -0.787710 3.011366 -0.578032
v -0.792712 3.006207 -0.560394
v -0.806432 3.011366 -0.548233
v -0.820832 3.023822 -0.548674
v -0.837744 3.018161 -0.567907
v -0.834084 3.020953 -0.586388
v -0.819022 3.018161 -0.597705
v -0.801382 3.011421 -0.595230
v -0.791497 3.004681 -0.580411
v -0.795157 3.001889 -0.561930
v -0.810219 3.004681 -0.550613
v -0.827859 3.011421 -0.553089
v -0.841277 2.998502 -0.570127
v -0.838057 2.999217 -0.588884
v -0.822554 2.998502 -0.599925
v -0.803850 2.996777 -0.596780
v -0.792900 2.995052 -0.581293
v -0.796119 2.994337 -0.562535
v -0.811622 2.995052 -0.551495
v -0.830327 2.996777 -0.554639
v -0.841348 2.851113 -0.570172
v -0.838159 2.851113 -0.588948
v -0.822626 2.851113 -0.599970
v -0.803850 2.851113 -0.596780
v -0.792828 2.851113 -0.581248
v -0.796018 2.851113 -0.562471
v -0.811550 2.851113 -0.551450
v -0.830327 2.851113 -0.554639
v -0.367929 2.957218 -0.516281
v -0.349680 2.957218 -0.521733
v -0.340632 2.957218 -0.538492
v -0.346085 2.957218 -0.556741
v -0.362844 2.957218 -0.565789
v -0.381092 2.957218 -0.560336
v -0.390140 2.957218 -0.543578
v -0.384688 2.957218 -0.525329
v -0.367982 2.996099 -0.516347
v -0.349756 2.996813 -0.521826
v -0.340686 2.996099 -0.538558
v -0.346085 2.994375 -0.556741
v -0.362790 2.992651 -0.565723
v -0.381016 2.991937 -0.560244
v -0.390087 2.992651 -0.543512
v -0.384688 2.994375 -0.525329
v -0.370612 3.015759 -0.519578
v -0.352713 3.018545 -0.525460
v -0.343315 3.015759 -0.541789
v -0.347924 3.009032 -0.559001
v -0.363839 3.002305 -0.567012
v -0.381738 2.999518 -0.561131
v -0.391136 3.002305 -0.544801
v -0.386527 3.009032 -0.527590
v -0.378250 3.033898 -0.528965
v -0.361345 3.039046 -0.536069
v -0.350953 3.033898 -0.551176
v -0.353162 3.021470 -0.565438
v -0.366677 3.009042 -0.570500
v -0.383581 3.003895 -0.563396
v -0.393973 3.009042 -0.548288
v -0.391765 3.021471 -0.534027
v -0.389681 3.046041 -0.543014
v -0.374265 3.052769 -0.551946
v -0.362385 3.046041 -0.565225
v -0.361001 3.029797 -0.575072
v -0.370923 3.013553 -0.575718
v -0.386340 3.006825 -0.566786
v -0.398219 3.013554 -0.553507
v -0.399604 3.029797 -0.543660
v -0.402084 3.050252 -0.558256
v -0.387975 3.057503 -0.568795
v -0.374787 3.050251 -0.580467
v -0.370247 3.032744 -0.586435
v -0.377013 3.015237 -0.583203
v -0.391123 3.007986 -0.572664
v -0.404310 3.015237 -0.560992
v -0.408850 3.032745 -0.555024
v -0.575526 3.050660 -0.775956
v -0.562318 3.057915 -0.787603
v -0.548229 3.050660 -0.798167
v -0.541512 3.033145 -0.801459
v -0.546101 3.015630 -0.795551
v -0.559309 3.008376 -0.783904
v -0.573398 3.015631 -0.773340
v -0.580115 3.033145 -0.770048
v -0.587939 3.046533 -0.791211
v -0.576043 3.053272 -0.804470
v -0.560643 3.046533 -0.813422
v -0.550759 3.030264 -0.812823
v -0.552181 3.013995 -0.803023
v -0.564077 3.007257 -0.789764
v -0.579478 3.013995 -0.780812
v -0.589362 3.030264 -0.781412
v -0.599391 3.034450 -0.805285
v -0.588992 3.039609 -0.820384
v -0.572095 3.034450 -0.827496
v -0.558597 3.021994 -0.822457
v -0.556407 3.009537 -0.808216
v -0.566806 3.004378 -0.793118
v -0.583704 3.009537 -0.786005
v -0.597201 3.021994 -0.791045
v -0.607044 3.016332 -0.814690
v -0.597645 3.019124 -0.831017
v -0.579747 3.016332 -0.836901
v -0.563835 3.009592 -0.828893
v -0.559230 3.002852 -0.811686
v -0.568629 3.000060 -0.795358
v -0.586527 3.002852 -0.789475
v -0.602439 3.009592 -0.797482
v -0.609677 2.996674 -0.817925
v -0.600606 2.997388 -0.834657
v -0.582380 2.996674 -0.840136
v -0.565674 2.994949 -0.831154
v -0.560276 2.993223 -0.812971
v -0.569346 2.992508 -0.796240
v -0.587572 2.993223 -0.790760
v -0.604278 2.994949 -0.799743
v -0.609730 2.849284 -0.817991
v -0.600682 2.849284 -0.834750
v -0.582433 2.849284 -0.840202
v -0.565674 2.849284 -0.831154
v -0.560222 2.849284 -0.812905
v -0.569271 2.849284 -0.796147
v -0.587519 2.849284 -0.790694
v -0.604278 2.849284 -0.799743
v -0.578382 2.845048 0.635017
v 0.578379 2.845047 0.634975
v 0.000000 2.919580 -0.834381
v 0.162769 2.919580 -0.818350
v 0.319283 2.919580 -0.770872
v 0.463527 2.919580 -0.693772
v 0.589958 2.919580 -0.590012
v 0.693717 2.919580 -0.463581
v 0.770817 2.919580 -0.319337
v 0.818295 2.919580 -0.162824
v 0.834326 2.919580 -0.000055
v 0.818295 2.919580 0.162714
v 0.770817 2.919580 0.319228
v 0.693717 2.919580 0.463472
v -0.693717 2.919580 0.463472
v -0.770817 2.919580 0.319228
v -0.818295 2.919580 0.162714
v -0.834326 2.919580 -0.000055
v -0.818295 2.919580 -0.162824
v -0.770817 2.919580 -0.319338
v -0.693716 2.919580 -0.463582
v -0.589957 2.919580 -0.590013
v -0.463526 2.919580 -0.693772
v -0.319282 2.919580 -0.770872
v -0.162768 2.919580 -0.818350
v 0.578379 2.963430 0.468717
v 0.415629 2.963430 0.621828
v 0.286290 2.963430 0.690961
v 0.145949 2.963430 0.733533
v -0.000000 2.963430 0.747908
v -0.145950 2.963430 0.733533
v -0.286290 2.963430 0.690961
v -0.415629 2.963430 0.621828
v -0.578379 2.963430 0.468717
v 0.000000 2.963430 -0.748316
v 0.145949 2.963430 -0.733941
v 0.286290 2.963430 -0.691369
v 0.415629 2.963430 -0.622236
v 0.528995 2.963430 -0.529199
v 0.622032 2.963430 -0.415833
v 0.691165 2.963430 -0.286494
v 0.733737 2.963430 -0.146153
v 0.748112 2.963430 -0.000204
v 0.733737 2.963430 0.145745
v 0.691165 2.963430 0.286086
v 0.622032 2.963430 0.415425
v -0.622033 2.963430 0.415424
v -0.691166 2.963430 0.286086
v -0.733737 2.963430 0.145745
v -0.748112 2.963430 -0.000205
v -0.733737 2.963430 -0.146154
v -0.691165 2.963430 -0.286495
v -0.622032 2.963430 -0.415833
v -0.528994 2.963430 -0.529200
v -0.415628 2.963430 -0.622237
v -0.286289 2.963430 -0.691370
v -0.145948 2.963430 -0.733941
v -0.578931 1.926619 -0.813893
v -0.544615 1.936664 -0.763354
v -0.527800 1.952977 -0.738591
v -0.513062 1.974930 -0.716885
v -0.500967 2.001681 -0.699072
v -0.491979 2.032200 -0.685835
v -0.486445 2.065315 -0.677684
v -0.606367 1.926619 -0.842339
v -0.601180 1.926619 -0.846660
v -0.610611 1.926619 -0.837088
v -0.595250 1.926619 -0.849887
v -0.613749 1.926619 -0.831111
v -0.588804 1.926619 -0.851895
v -0.615660 1.926619 -0.824636
v -0.582091 1.926619 -0.852607
v -0.616272 1.926619 -0.817912
v -0.575367 1.926619 -0.851995
v -0.568892 1.926619 -0.850083
v -0.615560 1.926619 -0.811199
v -0.613552 1.926619 -0.804753
v -0.562915 1.926619 -0.846945
v -0.610326 1.926619 -0.798823
v -0.557664 1.926619 -0.842701
v -0.606004 1.926619 -0.793636
v -0.553343 1.926619 -0.837515
v -0.550116 1.926619 -0.831585
v -0.600753 1.926619 -0.789392
v -0.594776 1.926619 -0.786254
v -0.548108 1.926619 -0.825139
v -0.547396 1.926619 -0.818425
v -0.588301 1.926619 -0.784343
v -0.548008 1.926619 -0.811702
v -0.581578 1.926619 -0.783731
v -0.574864 1.926619 -0.784443
v -0.549920 1.926619 -0.805227
v -0.568418 1.926619 -0.786451
v -0.553058 1.926619 -0.799249
v -0.557302 1.926619 -0.793999
v -0.562385 1.926880 -0.789525
v -0.601143 1.926619 -0.837192
v -0.597061 1.926619 -0.840594
v -0.604483 1.926619 -0.833060
v -0.592393 1.926619 -0.843133
v -0.606953 1.926619 -0.828355
v -0.587320 1.926619 -0.844713
v -0.608458 1.926619 -0.823259
v -0.582036 1.926619 -0.845274
v -0.608939 1.926619 -0.817967
v -0.576744 1.926619 -0.844792
v -0.571648 1.926619 -0.843288
v -0.608379 1.926619 -0.812683
v -0.606798 1.926619 -0.807610
v -0.566943 1.926619 -0.840818
v -0.604259 1.926619 -0.802942
v -0.562811 1.926619 -0.837478
v -0.600857 1.926619 -0.798860
v -0.559409 1.926619 -0.833395
v -0.556870 1.926619 -0.828728
v -0.596725 1.926619 -0.795520
v -0.592020 1.926619 -0.793050
v -0.555289 1.926619 -0.823655
v -0.554729 1.926619 -0.818371
v -0.586924 1.926619 -0.791545
v -0.555211 1.926619 -0.813079
v -0.581632 1.926619 -0.791064
v -0.576348 1.926619 -0.791624
v -0.556715 1.926619 -0.807983
v -0.571187 1.926619 -0.793392
v -0.559185 1.926619 -0.803278
v -0.562732 1.926619 -0.799133
v -0.566700 1.926634 -0.795880
v -0.595919 1.926619 -0.832046
v -0.592941 1.926619 -0.834527
v -0.598355 1.926619 -0.829031
v -0.589536 1.926619 -0.836379
v -0.600157 1.926619 -0.825599
v -0.585836 1.926619 -0.837532
v -0.601255 1.926619 -0.821882
v -0.581981 1.926619 -0.837941
v -0.601606 1.926619 -0.818022
v -0.578121 1.926619 -0.837590
v -0.574404 1.926619 -0.836492
v -0.601197 1.926619 -0.814167
v -0.600044 1.926619 -0.810466
v -0.570972 1.926619 -0.834690
v -0.598192 1.926619 -0.807062
v -0.567957 1.926619 -0.832254
v -0.595711 1.926619 -0.804084
v -0.565476 1.926619 -0.829276
v -0.563624 1.926619 -0.825871
v -0.592696 1.926619 -0.801647
v -0.589264 1.926619 -0.799846
v -0.562471 1.926619 -0.822170
v -0.562062 1.926619 -0.818316
v -0.585547 1.926619 -0.798748
v -0.562414 1.926619 -0.814456
v -0.581687 1.926619 -0.798397
v -0.577832 1.926619 -0.798806
v -0.563511 1.926619 -0.810739
v -0.574326 1.926619 -0.800082
v -0.565313 1.926619 -0.807307
v -0.567793 1.926619 -0.804518
v -0.570786 1.926620 -0.801898
v -0.590695 1.926619 -0.826899
v -0.588822 1.926619 -0.828460
v -0.592228 1.926619 -0.825002
v -0.586680 1.926619 -0.829625
v -0.593361 1.926619 -0.822843
v -0.584351 1.926619 -0.830350
v -0.594052 1.926619 -0.820505
v -0.581927 1.926619 -0.830608
v -0.594273 1.926619 -0.818076
v -0.579498 1.926619 -0.830387
v -0.577160 1.926619 -0.829696
v -0.594016 1.926619 -0.815651
v -0.593291 1.926619 -0.813323
v -0.575001 1.926619 -0.828563
v -0.592125 1.926619 -0.811181
v -0.573104 1.926619 -0.827030
v -0.590564 1.926619 -0.809308
v -0.571543 1.926619 -0.825157
v -0.570378 1.926619 -0.823015
v -0.588668 1.926619 -0.807775
v -0.586509 1.926619 -0.806641
v -0.569652 1.926619 -0.820686
v -0.569395 1.926619 -0.818262
v -0.584170 1.926619 -0.805951
v -0.569616 1.926619 -0.815833
v -0.581742 1.926619 -0.805730
v -0.579317 1.926619 -0.805987
v -0.570307 1.926619 -0.813494
v -0.577329 1.926619 -0.806864
v -0.571440 1.926619 -0.811335
v -0.572988 1.926619 -0.809812
v -0.574898 1.926619 -0.807954
vt 0.650309 0.343146
vt 0.656545 0.343146
vt 0.657682 0.351004
vt 0.661051 0.358559
vt 0.666522 0.365522
vt 0.672538 0.370509
vt 0.676201 0.372681
vt 0.676201 0.387664
vt 0.650309 0.387664
vt 0.608336 0.875769
vt 0.598341 0.875777
vt 0.598341 0.025520
vt 0.608335 0.025512
vt 0.588694 0.875804
vt 0.588694 0.025548
vt 0.579765 0.875850
vt 0.579765 0.025593
vt 0.571897 0.875912
vt 0.571897 0.025655
vt 0.104655 0.878707
vt 0.096893 0.878668
vt 0.096892 0.028354
vt 0.104655 0.028393
vt 0.088042 0.878639
vt 0.088041 0.028325
vt 0.078442 0.878622
vt 0.078442 0.028308
vt 0.068462 0.878616
vt 0.068462 0.028302
vt 0.058486 0.878622
vt 0.058486 0.028308
vt 0.048898 0.878640
vt 0.048898 0.028326
vt 0.040064 0.878669
vt 0.040064 0.028355
vt 0.147778 0.121330
vt 0.156629 0.121359
vt 0.156629 0.971673
vt 0.147778 0.971645
vt 0.166229 0.121377
vt 0.166229 0.971691
vt 0.176208 0.121382
vt 0.176208 0.971697
vt 0.186184 0.121376
vt 0.186184 0.971691
vt 0.195773 0.121358
vt 0.195773 0.971673
vt 0.204606 0.121330
vt 0.204606 0.971644
vt 0.212344 0.121291
vt 0.212344 0.971605
vt 0.644213 0.875926
vt 0.636583 0.875861
vt 0.636583 0.025604
vt 0.644213 0.025669
vt 0.627831 0.875812
vt 0.627831 0.025555
vt 0.724443 0.490894
vt 0.732780 0.494684
vt 0.739869 0.499507
vt 0.745439 0.505178
vt 0.749276 0.511480
vt 0.751232 0.518170
vt 0.751232 0.524990
vt 0.749276 0.531680
vt 0.745439 0.537982
vt 0.739869 0.543653
vt 0.732780 0.548476
vt 0.728873 0.550252
vt 0.715181 0.554876
vt 0.705347 0.556207
vt 0.695321 0.556207
vt 0.685488 0.554876
vt 0.676225 0.552266
vt 0.667889 0.548476
vt 0.660799 0.543653
vt 0.653190 0.534634
vt 0.651392 0.531680
vt 0.649436 0.524990
vt 0.649436 0.518170
vt 0.651392 0.511480
vt 0.655229 0.505178
vt 0.660799 0.499507
vt 0.667889 0.494684
vt 0.676225 0.490894
vt 0.685488 0.488284
vt 0.695321 0.486953
vt 0.705347 0.486953
vt 0.715181 0.488284
vt 0.618293 0.875781
vt 0.618293 0.025524
vt 0.787602 0.135538
vt 0.788585 0.128750
vt 0.791495 0.122222
vt 0.796222 0.116207
vt 0.802582 0.110934
vt 0.810332 0.106607
vt 0.819174 0.103392
vt 0.828769 0.101412
vt 0.838746 0.100743
vt 0.848724 0.101412
vt 0.858318 0.103392
vt 0.867160 0.106607
vt 0.870793 0.108635
vt 0.870793 0.162440
vt 0.867160 0.164468
vt 0.858318 0.167683
vt 0.848724 0.169663
vt 0.838746 0.170332
vt 0.828769 0.169663
vt 0.819174 0.167683
vt 0.810332 0.164468
vt 0.802582 0.160141
vt 0.796222 0.154868
vt 0.791495 0.148853
vt 0.788585 0.142326
vt 0.398179 0.026786
vt 0.405498 0.026749
vt 0.405498 0.876891
vt 0.398179 0.876927
vt 0.249970 0.876628
vt 0.261539 0.876619
vt 0.261498 0.901401
vt 0.250351 0.901410
vt 0.694531 0.561661
vt 0.683149 0.560121
vt 0.228468 0.876713
vt 0.238803 0.876660
vt 0.239591 0.901441
vt 0.229632 0.901491
vt 0.717519 0.560121
vt 0.706137 0.561661
vt 0.217984 0.026717
vt 0.221706 0.026686
vt 0.221706 0.876770
vt 0.217984 0.876801
vt 0.654572 0.547130
vt 0.649890 0.542036
vt 0.273065 0.876633
vt 0.284105 0.876668
vt 0.283243 0.901449
vt 0.272604 0.901414
vt 0.294236 0.876725
vt 0.300780 0.876784
vt 0.304382 0.876817
vt 0.302781 0.901592
vt 0.293004 0.901503
vt 0.672427 0.557099
vt 0.662778 0.552713
vt 0.219531 0.901576
vt 0.781181 0.482041
vt 0.650309 0.482041
vt 0.650309 0.464426
vt 0.650309 0.410621
vt 0.650309 0.393006
vt 0.781181 0.393006
vt 0.764968 0.365522
vt 0.770438 0.358559
vt 0.773807 0.351004
vt 0.774944 0.343146
vt 0.781181 0.343146
vt 0.781181 0.387664
vt 0.755289 0.387664
vt 0.755289 0.372683
vt 0.758951 0.370509
vt 0.781180 0.101448
vt 0.781180 0.194513
vt 0.715745 0.194514
vt 0.650309 0.194515
vt 0.650309 0.101449
vt 0.785883 0.387538
vt 0.785883 0.294479
vt 0.811771 0.294484
vt 0.811771 0.387543
vt 0.650309 0.293166
vt 0.650309 0.200100
vt 0.715745 0.200100
vt 0.781180 0.200099
vt 0.781180 0.293164
vt 0.781177 0.002799
vt 0.781177 0.095863
vt 0.650309 0.095856
vt 0.650309 0.002792
vt 0.715743 0.002796
vt 0.725573 0.557653
vt 0.715745 0.298629
vt 0.781181 0.298629
vt 0.773807 0.335289
vt 0.770438 0.327734
vt 0.764967 0.320771
vt 0.757605 0.314668
vt 0.748634 0.309659
vt 0.738399 0.305937
vt 0.727294 0.303645
vt 0.715745 0.302872
vt 0.374097 0.026722
vt 0.384290 0.026761
vt 0.384290 0.876890
vt 0.374097 0.876851
vt 0.485187 0.026795
vt 0.494144 0.026750
vt 0.494144 0.876890
vt 0.485187 0.876936
vt 0.393204 0.026814
vt 0.393205 0.876943
vt 0.549678 0.026716
vt 0.559923 0.026749
vt 0.559923 0.876890
vt 0.549678 0.876857
vt 0.504368 0.026716
vt 0.504369 0.876857
vt 0.415723 0.026716
vt 0.426822 0.026695
vt 0.426822 0.876837
vt 0.415723 0.876857
vt 0.515468 0.026695
vt 0.515468 0.876836
vt 0.527015 0.026688
vt 0.538566 0.026695
vt 0.538566 0.876836
vt 0.527015 0.876829
vt 0.351477 0.026689
vt 0.363017 0.026697
vt 0.363017 0.876827
vt 0.351477 0.876818
vt 0.318512 0.026758
vt 0.328789 0.026719
vt 0.328789 0.876849
vt 0.318513 0.876887
vt 0.461032 0.026715
vt 0.471277 0.026749
vt 0.471277 0.876890
vt 0.461032 0.876857
vt 0.438369 0.026688
vt 0.438369 0.876830
vt 0.339919 0.026696
vt 0.339919 0.876825
vt 0.480262 0.026793
vt 0.480262 0.876935
vt 0.309486 0.026809
vt 0.309486 0.876938
vt 0.449920 0.026695
vt 0.449920 0.876837
vt 0.565799 0.901698
vt 0.558725 0.901662
vt 0.567265 0.876926
vt 0.036438 0.878632
vt 0.036438 0.028491
vt 0.650309 0.298629
vt 0.704195 0.303645
vt 0.693090 0.305937
vt 0.682855 0.309659
vt 0.673884 0.314668
vt 0.666522 0.320771
vt 0.661051 0.327734
vt 0.657682 0.335289
vt 0.835731 0.487521
vt 0.835731 0.580915
vt 0.756658 0.581145
vt 0.756658 0.487751
vt 0.110751 0.028302
vt 0.144140 0.121367
vt 0.132770 0.121367
vt 0.110751 0.121368
vt 0.963292 0.165241
vt 0.963292 0.358044
vt 0.961485 0.358033
vt 0.961484 0.165230
vt 0.925249 0.358316
vt 0.925249 0.165510
vt 0.927088 0.165501
vt 0.927088 0.358307
vt 0.959414 0.358025
vt 0.959414 0.165222
vt 0.957160 0.358020
vt 0.957156 0.165217
vt 0.954808 0.358019
vt 0.954806 0.165215
vt 0.952449 0.358020
vt 0.952447 0.165217
vt 0.950174 0.358025
vt 0.950171 0.165221
vt 0.948070 0.358032
vt 0.948067 0.165229
vt 0.946217 0.358043
vt 0.946214 0.165239
vt 0.872776 0.239012
vt 0.872774 0.431818
vt 0.870953 0.431809
vt 0.870954 0.239003
vt 0.868872 0.431802
vt 0.868873 0.238996
vt 0.866611 0.431798
vt 0.866611 0.238992
vt 0.864256 0.431796
vt 0.864256 0.238990
vt 0.861899 0.431797
vt 0.861899 0.238991
vt 0.859630 0.431801
vt 0.859629 0.238996
vt 0.857537 0.431808
vt 0.857535 0.239002
vt 0.855699 0.431817
vt 0.855697 0.239011
vt 0.981390 0.165221
vt 0.981390 0.358014
vt 0.979600 0.357998
vt 0.979600 0.165206
vt 0.977542 0.357987
vt 0.977542 0.165194
vt 0.975294 0.357955
vt 0.975295 0.165186
vt 0.972947 0.357952
vt 0.972946 0.165183
vt 0.970586 0.357978
vt 0.970584 0.165185
vt 0.968306 0.357960
vt 0.968301 0.165192
vt 0.966188 0.357995
vt 0.966185 0.165202
vt 0.964321 0.358003
vt 0.964316 0.165217
vt 0.910008 0.358306
vt 0.910013 0.165506
vt 0.911834 0.165516
vt 0.911830 0.358315
vt 0.913915 0.165523
vt 0.913912 0.358322
vt 0.916176 0.165521
vt 0.916174 0.358326
vt 0.918530 0.165522
vt 0.918528 0.358328
vt 0.920887 0.165521
vt 0.920886 0.358327
vt 0.923156 0.165517
vt 0.923155 0.358323
vt 0.916223 0.154028
vt 0.918531 0.154030
vt 0.920842 0.154029
vt 0.923066 0.154025
vt 0.925119 0.154018
vt 0.926921 0.154009
vt 0.963121 0.369536
vt 0.961350 0.369525
vt 0.959320 0.369518
vt 0.957110 0.369512
vt 0.954804 0.369511
vt 0.952492 0.369512
vt 0.950261 0.369517
vt 0.948199 0.369524
vt 0.946383 0.369534
vt 0.872606 0.443310
vt 0.870820 0.443301
vt 0.868780 0.443294
vt 0.866563 0.443290
vt 0.864255 0.443288
vt 0.861944 0.443290
vt 0.859720 0.443294
vt 0.857667 0.443300
vt 0.855865 0.443309
vt 0.981218 0.369506
vt 0.979463 0.369490
vt 0.977446 0.369479
vt 0.975244 0.369472
vt 0.972941 0.369469
vt 0.970627 0.369470
vt 0.968389 0.369477
vt 0.966315 0.369487
vt 0.910181 0.154008
vt 0.911966 0.154018
vt 0.914006 0.154024
vt 0.916361 0.143023
vt 0.918535 0.143024
vt 0.920712 0.143023
vt 0.922807 0.143019
vt 0.924740 0.143013
vt 0.926438 0.143004
vt 0.962629 0.380541
vt 0.960960 0.380531
vt 0.959048 0.380524
vt 0.956966 0.380519
vt 0.954794 0.380517
vt 0.952616 0.380519
vt 0.950515 0.380523
vt 0.948572 0.380530
vt 0.946861 0.380540
vt 0.872117 0.454314
vt 0.870435 0.454306
vt 0.868513 0.454300
vt 0.866425 0.454296
vt 0.864251 0.454294
vt 0.862074 0.454295
vt 0.859979 0.454299
vt 0.858046 0.454305
vt 0.856348 0.454314
vt 0.980720 0.380511
vt 0.979067 0.380497
vt 0.977167 0.380486
vt 0.975092 0.380479
vt 0.972923 0.380477
vt 0.970743 0.380478
vt 0.968635 0.380484
vt 0.966681 0.380494
vt 0.964483 0.369501
vt 0.910669 0.143004
vt 0.912351 0.143012
vt 0.914273 0.143018
vt 0.916585 0.132877
vt 0.918542 0.132878
vt 0.920500 0.132877
vt 0.922386 0.132873
vt 0.924126 0.132868
vt 0.925654 0.132860
vt 0.961828 0.390686
vt 0.960327 0.390677
vt 0.958606 0.390670
vt 0.956732 0.390666
vt 0.954777 0.390664
vt 0.952817 0.390666
vt 0.950926 0.390669
vt 0.949177 0.390676
vt 0.947638 0.390684
vt 0.871324 0.464458
vt 0.869811 0.464451
vt 0.868081 0.464445
vt 0.866202 0.464442
vt 0.864245 0.464440
vt 0.862286 0.464442
vt 0.860400 0.464445
vt 0.858660 0.464451
vt 0.857133 0.464458
vt 0.979911 0.390658
vt 0.978423 0.390645
vt 0.976713 0.390635
vt 0.974846 0.390629
vt 0.972894 0.390627
vt 0.970932 0.390628
vt 0.969035 0.390633
vt 0.967276 0.390642
vt 0.964956 0.380507
vt 0.911462 0.132860
vt 0.912976 0.132867
vt 0.914706 0.132873
vt 0.916886 0.123980
vt 0.918550 0.123981
vt 0.920216 0.123980
vt 0.921819 0.123978
vt 0.923299 0.123973
vt 0.924598 0.123966
vt 0.960751 0.399580
vt 0.959474 0.399573
vt 0.958011 0.399567
vt 0.956417 0.399563
vt 0.954755 0.399562
vt 0.953088 0.399563
vt 0.951480 0.399566
vt 0.949992 0.399572
vt 0.948683 0.399579
vt 0.870257 0.473352
vt 0.868970 0.473346
vt 0.867499 0.473341
vt 0.865900 0.473338
vt 0.864236 0.473337
vt 0.862571 0.473338
vt 0.860967 0.473341
vt 0.859487 0.473345
vt 0.858188 0.473352
vt 0.978822 0.399555
vt 0.977557 0.399544
vt 0.976103 0.399535
vt 0.974515 0.399530
vt 0.972855 0.399528
vt 0.971186 0.399529
vt 0.969573 0.399534
vt 0.968077 0.399541
vt 0.965724 0.390654
vt 0.912529 0.123966
vt 0.913817 0.123973
vt 0.915288 0.123977
vt 0.917253 0.116676
vt 0.918560 0.116677
vt 0.919869 0.116676
vt 0.921129 0.116674
vt 0.922292 0.116670
vt 0.923312 0.116665
vt 0.959439 0.406883
vt 0.958435 0.406877
vt 0.957285 0.406872
vt 0.956033 0.406869
vt 0.954727 0.406869
vt 0.953417 0.406869
vt 0.952154 0.406872
vt 0.950986 0.406876
vt 0.949957 0.406882
vt 0.868957 0.480654
vt 0.867945 0.480648
vt 0.866789 0.480645
vt 0.865534 0.480642
vt 0.864226 0.480641
vt 0.862917 0.480642
vt 0.861658 0.480644
vt 0.860495 0.480648
vt 0.859474 0.480653
vt 0.977495 0.406860
vt 0.976502 0.406852
vt 0.975359 0.406845
vt 0.974111 0.406841
vt 0.972807 0.406839
vt 0.971496 0.406840
vt 0.970229 0.406844
vt 0.969054 0.406850
vt 0.966757 0.399551
vt 0.913830 0.116665
vt 0.914841 0.116670
vt 0.915997 0.116674
vt 0.917671 0.111244
vt 0.918572 0.111244
vt 0.919473 0.111244
vt 0.920341 0.111242
vt 0.921142 0.111240
vt 0.921845 0.111236
vt 0.957941 0.412313
vt 0.957250 0.412309
vt 0.956458 0.412305
vt 0.955596 0.412303
vt 0.954696 0.412303
vt 0.953794 0.412303
vt 0.952923 0.412305
vt 0.952119 0.412308
vt 0.951410 0.412312
vt 0.867473 0.486082
vt 0.866776 0.486079
vt 0.865980 0.486076
vt 0.865115 0.486074
vt 0.864215 0.486074
vt 0.863313 0.486074
vt 0.862445 0.486076
vt 0.861644 0.486078
vt 0.860941 0.486082
vt 0.975982 0.412294
vt 0.975297 0.412288
vt 0.974510 0.412284
vt 0.973651 0.412281
vt 0.972753 0.412280
vt 0.971849 0.412280
vt 0.970976 0.412283
vt 0.970167 0.412287
vt 0.968016 0.406858
vt 0.915314 0.111236
vt 0.916010 0.111240
vt 0.916806 0.111242
vt 0.918125 0.107893
vt 0.918585 0.107893
vt 0.919044 0.107893
vt 0.919487 0.107892
vt 0.919895 0.107891
vt 0.920253 0.107889
vt 0.956316 0.415661
vt 0.955964 0.415659
vt 0.955560 0.415658
vt 0.955121 0.415657
vt 0.954662 0.415656
vt 0.954202 0.415657
vt 0.953758 0.415657
vt 0.953348 0.415659
vt 0.952987 0.415661
vt 0.865863 0.489429
vt 0.865508 0.489427
vt 0.865102 0.489426
vt 0.864661 0.489425
vt 0.864202 0.489425
vt 0.863742 0.489425
vt 0.863300 0.489426
vt 0.862892 0.489427
vt 0.862533 0.489429
vt 0.974340 0.415647
vt 0.973991 0.415644
vt 0.973589 0.415641
vt 0.973151 0.415640
vt 0.972693 0.415639
vt 0.972233 0.415640
vt 0.971788 0.415641
vt 0.971375 0.415643
vt 0.969452 0.412292
vt 0.916923 0.107889
vt 0.917279 0.107891
vt 0.917684 0.107892
vt 0.789411 0.277153
vt 0.787590 0.276138
vt 0.789667 0.276892
vt 0.789844 0.276602
vt 0.789934 0.276294
vt 0.789934 0.275980
vt 0.789844 0.275672
vt 0.789667 0.275382
vt 0.789411 0.275121
vt 0.789084 0.274899
vt 0.788700 0.274724
vt 0.788274 0.274604
vt 0.787821 0.274543
vt 0.787360 0.274543
vt 0.786907 0.274604
vt 0.786480 0.274724
vt 0.786097 0.274899
vt 0.785770 0.275121
vt 0.785514 0.275382
vt 0.785337 0.275672
vt 0.785247 0.275980
vt 0.785247 0.276294
vt 0.785337 0.276602
vt 0.785514 0.276892
vt 0.785770 0.277153
vt 0.786097 0.277375
vt 0.786480 0.277550
vt 0.786907 0.277670
vt 0.787360 0.277731
vt 0.787821 0.277731
vt 0.971011 0.415646
vt 0.788274 0.277670
vt 0.788700 0.277550
vt 0.789084 0.277375
vt 0.961826 0.132793
vt 0.962627 0.142927
vt 0.960958 0.142917
vt 0.960324 0.132784
vt 0.960749 0.123914
vt 0.959472 0.123906
vt 0.924124 0.390764
vt 0.924739 0.380630
vt 0.926436 0.380622
vt 0.925652 0.390756
vt 0.963120 0.153925
vt 0.961348 0.153915
vt 0.959046 0.142909
vt 0.958604 0.132778
vt 0.959436 0.116629
vt 0.958433 0.116623
vt 0.923297 0.399643
vt 0.924596 0.399637
vt 0.958008 0.123900
vt 0.922384 0.390769
vt 0.922805 0.380636
vt 0.925117 0.369632
vt 0.926919 0.369623
vt 0.959318 0.153907
vt 0.956964 0.142905
vt 0.956730 0.132773
vt 0.957939 0.111220
vt 0.957248 0.111216
vt 0.922289 0.406928
vt 0.923310 0.406923
vt 0.957283 0.116619
vt 0.921817 0.399648
vt 0.956415 0.123897
vt 0.920498 0.390773
vt 0.920710 0.380640
vt 0.923064 0.369638
vt 0.957108 0.153902
vt 0.954792 0.142903
vt 0.954775 0.132772
vt 0.956314 0.107894
vt 0.955962 0.107892
vt 0.921140 0.412337
vt 0.921843 0.412333
vt 0.956456 0.111213
vt 0.921127 0.406931
vt 0.956031 0.116616
vt 0.920214 0.399651
vt 0.954753 0.123895
vt 0.918539 0.390774
vt 0.918533 0.380641
vt 0.920840 0.369642
vt 0.954803 0.153900
vt 0.952614 0.142904
vt 0.952815 0.132773
vt 0.787591 0.279518
vt 0.787821 0.281111
vt 0.787360 0.281111
vt 0.919892 0.415662
vt 0.920251 0.415661
vt 0.955558 0.107890
vt 0.920339 0.412339
vt 0.955593 0.111211
vt 0.919867 0.406934
vt 0.954725 0.116615
vt 0.918548 0.399652
vt 0.953085 0.123896
vt 0.916583 0.390773
vt 0.916359 0.380640
vt 0.918530 0.369644
vt 0.952490 0.153901
vt 0.950513 0.142909
vt 0.950924 0.132777
vt 0.786907 0.281050
vt 0.788274 0.281050
vt 0.919484 0.415664
vt 0.955118 0.107889
vt 0.919471 0.412341
vt 0.954694 0.111210
vt 0.918558 0.406934
vt 0.953415 0.116616
vt 0.916884 0.399651
vt 0.951477 0.123900
vt 0.914703 0.390769
vt 0.914271 0.380636
vt 0.916221 0.369642
vt 0.950260 0.153906
vt 0.948570 0.142916
vt 0.949175 0.132783
vt 0.786480 0.280930
vt 0.788700 0.280930
vt 0.919042 0.415664
vt 0.954660 0.107889
vt 0.918569 0.412341
vt 0.953791 0.111211
vt 0.917250 0.406934
vt 0.952152 0.116618
vt 0.915285 0.399648
vt 0.949990 0.123905
vt 0.912974 0.390763
vt 0.912349 0.380630
vt 0.914005 0.369638
vt 0.948197 0.153913
vt 0.946859 0.142925
vt 0.947636 0.132792
vt 0.786097 0.280755
vt 0.789084 0.280755
vt 0.918582 0.415665
vt 0.954200 0.107889
vt 0.917669 0.412341
vt 0.952921 0.111212
vt 0.915995 0.406931
vt 0.950983 0.116622
vt 0.913814 0.399643
vt 0.948681 0.123912
vt 0.911460 0.390756
vt 0.910667 0.380621
vt 0.911964 0.369631
vt 0.946381 0.153923
vt 0.871324 0.206562
vt 0.872117 0.216697
vt 0.870435 0.216688
vt 0.869811 0.206554
vt 0.785770 0.280533
vt 0.789411 0.280533
vt 0.918123 0.415664
vt 0.953756 0.107890
vt 0.916804 0.412339
vt 0.952116 0.111215
vt 0.914839 0.406927
vt 0.949955 0.116628
vt 0.912527 0.399637
vt 0.870257 0.197681
vt 0.868970 0.197675
vt 0.967274 0.132763
vt 0.966679 0.142892
vt 0.964954 0.142906
vt 0.965721 0.132775
vt 0.910179 0.369622
vt 0.872606 0.227696
vt 0.870820 0.227687
vt 0.868513 0.216682
vt 0.868081 0.206549
vt 0.785514 0.280272
vt 0.789667 0.280272
vt 0.917682 0.415664
vt 0.953346 0.107891
vt 0.916008 0.412336
vt 0.951408 0.111219
vt 0.913827 0.406922
vt 0.868957 0.190396
vt 0.867945 0.190391
vt 0.968075 0.123889
vt 0.966755 0.123899
vt 0.867499 0.197670
vt 0.969033 0.132754
vt 0.968633 0.142883
vt 0.966313 0.153888
vt 0.964481 0.153902
vt 0.868780 0.227680
vt 0.866425 0.216678
vt 0.866201 0.206545
vt 0.785337 0.279982
vt 0.789844 0.279982
vt 0.917276 0.415662
vt 0.952984 0.107893
vt 0.915311 0.412333
vt 0.867473 0.184985
vt 0.866776 0.184981
vt 0.969051 0.116612
vt 0.968014 0.116620
vt 0.866789 0.190387
vt 0.969571 0.123882
vt 0.865900 0.197667
vt 0.970930 0.132749
vt 0.970741 0.142877
vt 0.968387 0.153877
vt 0.866563 0.227676
vt 0.864251 0.216677
vt 0.864245 0.206544
vt 0.785247 0.279674
vt 0.789934 0.279674
vt 0.916921 0.415660
vt 0.865863 0.181657
vt 0.865508 0.181656
vt 0.970164 0.111210
vt 0.969450 0.111216
vt 0.865980 0.184979
vt 0.970226 0.116606
vt 0.865534 0.190384
vt 0.971184 0.123877
vt 0.864236 0.197666
vt 0.972892 0.132748
vt 0.972921 0.142875
vt 0.970625 0.153871
vt 0.864255 0.227674
vt 0.862074 0.216678
vt 0.862286 0.206545
vt 0.785247 0.279360
vt 0.789934 0.279360
vt 0.971373 0.107892
vt 0.971008 0.107895
vt 0.865102 0.181654
vt 0.970974 0.111206
vt 0.865115 0.184977
vt 0.971494 0.116602
vt 0.864226 0.190384
vt 0.972853 0.123876
vt 0.862571 0.197667
vt 0.974844 0.132750
vt 0.975090 0.142878
vt 0.972939 0.153869
vt 0.861944 0.227675
vt 0.859979 0.216682
vt 0.860400 0.206549
vt 0.785337 0.279052
vt 0.789844 0.279052
vt 0.971785 0.107890
vt 0.864661 0.181653
vt 0.971847 0.111204
vt 0.864215 0.184977
vt 0.972805 0.116601
vt 0.862917 0.190384
vt 0.974513 0.123878
vt 0.860967 0.197670
vt 0.976711 0.132756
vt 0.977165 0.142885
vt 0.975242 0.153872
vt 0.859720 0.227680
vt 0.858046 0.216688
vt 0.858660 0.206554
vt 0.785514 0.278762
vt 0.789667 0.278762
vt 0.972230 0.107889
vt 0.864202 0.181653
vt 0.972750 0.111203
vt 0.863313 0.184977
vt 0.974109 0.116603
vt 0.861657 0.190387
vt 0.976100 0.123883
vt 0.859487 0.197675
vt 0.978421 0.132766
vt 0.979065 0.142896
vt 0.977444 0.153879
vt 0.857667 0.227686
vt 0.856348 0.216696
vt 0.857133 0.206562
vt 0.785770 0.278501
vt 0.789411 0.278501
vt 0.972691 0.107888
vt 0.863742 0.181653
vt 0.973648 0.111204
vt 0.862445 0.184979
vt 0.975356 0.116607
vt 0.860495 0.190390
vt 0.977555 0.123892
vt 0.858188 0.197681
vt 0.979909 0.132779
vt 0.980718 0.142910
vt 0.979461 0.153891
vt 0.855865 0.227695
vt 0.786097 0.278279
vt 0.789084 0.278279
vt 0.973149 0.107889
vt 0.863300 0.181654
vt 0.974508 0.111207
vt 0.861644 0.184981
vt 0.976499 0.116614
vt 0.859474 0.190395
vt 0.978820 0.123903
vt 0.981216 0.153906
vt 0.786480 0.278104
vt 0.788700 0.278104
vt 0.973587 0.107890
vt 0.862892 0.181655
vt 0.975295 0.111211
vt 0.860941 0.184985
vt 0.977493 0.116622
vt 0.786907 0.277984
vt 0.788274 0.277984
vt 0.973988 0.107893
vt 0.862533 0.181657
vt 0.975979 0.111217
vt 0.787360 0.277923
vt 0.787821 0.277923
vt 0.974337 0.107896
vt 0.945190 0.165241
vt 0.945190 0.358045
vt 0.943383 0.358034
vt 0.943382 0.165230
vt 0.875639 0.165238
vt 0.875642 0.358044
vt 0.873804 0.358053
vt 0.873801 0.165247
vt 0.941312 0.358025
vt 0.941311 0.165222
vt 0.939058 0.358020
vt 0.939057 0.165217
vt 0.936706 0.358019
vt 0.936704 0.165215
vt 0.934347 0.358020
vt 0.934345 0.165217
vt 0.932072 0.358024
vt 0.932069 0.165221
vt 0.929968 0.358032
vt 0.929965 0.165229
vt 0.928115 0.358043
vt 0.928112 0.165239
vt 0.908984 0.165248
vt 0.908982 0.358054
vt 0.907161 0.358045
vt 0.907162 0.165238
vt 0.905079 0.358038
vt 0.905080 0.165232
vt 0.902818 0.358033
vt 0.902819 0.165227
vt 0.900464 0.358032
vt 0.900464 0.165226
vt 0.898107 0.358033
vt 0.898107 0.165227
vt 0.895838 0.358037
vt 0.895837 0.165231
vt 0.893744 0.358044
vt 0.893743 0.165238
vt 0.891906 0.358053
vt 0.891905 0.165247
vt 0.982414 0.358314
vt 0.982417 0.165521
vt 0.984207 0.165537
vt 0.984199 0.358330
vt 0.986265 0.165548
vt 0.986258 0.358341
vt 0.988511 0.165556
vt 0.988507 0.358349
vt 0.990860 0.165559
vt 0.990859 0.358351
vt 0.993221 0.165557
vt 0.993220 0.358350
vt 0.995503 0.165551
vt 0.995503 0.358344
vt 0.997619 0.165540
vt 0.997619 0.358333
vt 0.999488 0.165525
vt 0.999488 0.358318
vt 0.890880 0.165248
vt 0.890880 0.358053
vt 0.889059 0.358044
vt 0.889058 0.165238
vt 0.886977 0.358037
vt 0.886976 0.165232
vt 0.884716 0.358033
vt 0.884715 0.165227
vt 0.882362 0.358032
vt 0.882360 0.165226
vt 0.880005 0.358033
vt 0.880003 0.165227
vt 0.877736 0.358037
vt 0.877733 0.165231
vt 0.884668 0.369525
vt 0.882360 0.369524
vt 0.880050 0.369525
vt 0.877825 0.369529
vt 0.875773 0.369536
vt 0.873971 0.369545
vt 0.945019 0.369536
vt 0.943248 0.369526
vt 0.941218 0.369518
vt 0.939008 0.369513
vt 0.936702 0.369511
vt 0.934390 0.369512
vt 0.932159 0.369517
vt 0.930097 0.369524
vt 0.928281 0.369534
vt 0.908813 0.369545
vt 0.907028 0.369537
vt 0.904987 0.369530
vt 0.902771 0.369525
vt 0.900463 0.369524
vt 0.898152 0.369525
vt 0.895928 0.369529
vt 0.893875 0.369536
vt 0.892073 0.369545
vt 0.982590 0.154029
vt 0.984344 0.154045
vt 0.986362 0.154056
vt 0.988564 0.154063
vt 0.990866 0.154066
vt 0.993181 0.154065
vt 0.995418 0.154059
vt 0.997493 0.154048
vt 0.890711 0.369545
vt 0.888926 0.369536
vt 0.886885 0.369529
vt 0.884531 0.380531
vt 0.882357 0.380530
vt 0.880180 0.380531
vt 0.878085 0.380535
vt 0.876151 0.380541
vt 0.874454 0.380549
vt 0.944527 0.380541
vt 0.942858 0.380531
vt 0.940946 0.380524
vt 0.938864 0.380519
vt 0.936692 0.380517
vt 0.934514 0.380519
vt 0.932413 0.380523
vt 0.930470 0.380530
vt 0.928759 0.380540
vt 0.908325 0.380550
vt 0.906643 0.380542
vt 0.904721 0.380535
vt 0.902633 0.380531
vt 0.900459 0.380530
vt 0.898282 0.380531
vt 0.896187 0.380535
vt 0.894253 0.380541
vt 0.892556 0.380550
vt 0.983088 0.143024
vt 0.984741 0.143038
vt 0.986641 0.143049
vt 0.988715 0.143056
vt 0.990884 0.143058
vt 0.993065 0.143057
vt 0.995172 0.143051
vt 0.997126 0.143041
vt 0.999324 0.154034
vt 0.890223 0.380550
vt 0.888541 0.380541
vt 0.886619 0.380535
vt 0.884307 0.390677
vt 0.882351 0.390676
vt 0.880392 0.390677
vt 0.878506 0.390680
vt 0.876766 0.390686
vt 0.875238 0.390694
vt 0.943726 0.390686
vt 0.942225 0.390677
vt 0.940504 0.390670
vt 0.938630 0.390666
vt 0.936675 0.390664
vt 0.934715 0.390666
vt 0.932824 0.390669
vt 0.931075 0.390676
vt 0.929536 0.390685
vt 0.907532 0.390694
vt 0.906018 0.390687
vt 0.904289 0.390681
vt 0.902409 0.390677
vt 0.900453 0.390676
vt 0.898494 0.390677
vt 0.896608 0.390681
vt 0.894868 0.390686
vt 0.893340 0.390694
vt 0.983897 0.132877
vt 0.985385 0.132890
vt 0.987095 0.132900
vt 0.988962 0.132906
vt 0.990914 0.132908
vt 0.992876 0.132907
vt 0.994773 0.132902
vt 0.996531 0.132893
vt 0.998852 0.143028
vt 0.889430 0.390694
vt 0.887916 0.390686
vt 0.886187 0.390681
vt 0.884006 0.399573
vt 0.882342 0.399572
vt 0.880676 0.399573
vt 0.879073 0.399576
vt 0.877593 0.399581
vt 0.876294 0.399587
vt 0.942649 0.399580
vt 0.941372 0.399573
vt 0.939909 0.399567
vt 0.938315 0.399563
vt 0.936653 0.399562
vt 0.934986 0.399563
vt 0.933378 0.399566
vt 0.931890 0.399572
vt 0.930581 0.399579
vt 0.906465 0.399588
vt 0.905177 0.399582
vt 0.903706 0.399577
vt 0.902108 0.399574
vt 0.900444 0.399573
vt 0.898778 0.399574
vt 0.897175 0.399576
vt 0.895695 0.399581
vt 0.894396 0.399588
vt 0.984986 0.123980
vt 0.986251 0.123991
vt 0.987705 0.124000
vt 0.989293 0.124005
vt 0.990953 0.124007
vt 0.992622 0.124006
vt 0.994235 0.124001
vt 0.995730 0.123994
vt 0.998084 0.132881
vt 0.888363 0.399588
vt 0.887076 0.399581
vt 0.885605 0.399576
vt 0.883640 0.406878
vt 0.882332 0.406877
vt 0.881023 0.406878
vt 0.879763 0.406880
vt 0.878601 0.406884
vt 0.877580 0.406889
vt 0.941337 0.406883
vt 0.940333 0.406877
vt 0.939183 0.406872
vt 0.937931 0.406869
vt 0.936625 0.406868
vt 0.935315 0.406869
vt 0.934052 0.406872
vt 0.932884 0.406876
vt 0.931855 0.406882
vt 0.905164 0.406889
vt 0.904153 0.406884
vt 0.902997 0.406880
vt 0.901741 0.406878
vt 0.900434 0.406877
vt 0.899125 0.406878
vt 0.897865 0.406880
vt 0.896702 0.406884
vt 0.895682 0.406889
vt 0.986313 0.116675
vt 0.987306 0.116683
vt 0.988449 0.116690
vt 0.989697 0.116694
vt 0.991001 0.116696
vt 0.992312 0.116695
vt 0.993579 0.116691
vt 0.994754 0.116685
vt 0.997051 0.123984
vt 0.887062 0.406889
vt 0.886051 0.406884
vt 0.884895 0.406880
vt 0.883221 0.412310
vt 0.882321 0.412309
vt 0.881419 0.412310
vt 0.880551 0.412311
vt 0.879750 0.412314
vt 0.879047 0.412318
vt 0.939839 0.412313
vt 0.939148 0.412309
vt 0.938356 0.412305
vt 0.937494 0.412304
vt 0.936594 0.412303
vt 0.935692 0.412303
vt 0.934821 0.412305
vt 0.934017 0.412308
vt 0.933308 0.412312
vt 0.903681 0.412318
vt 0.902984 0.412314
vt 0.902188 0.412312
vt 0.901323 0.412310
vt 0.900422 0.412310
vt 0.899521 0.412310
vt 0.898653 0.412312
vt 0.897852 0.412314
vt 0.897149 0.412318
vt 0.987826 0.111241
vt 0.988511 0.111247
vt 0.989298 0.111251
vt 0.990157 0.111254
vt 0.991056 0.111255
vt 0.991959 0.111255
vt 0.992832 0.111252
vt 0.993641 0.111248
vt 0.995792 0.116677
vt 0.885579 0.412318
vt 0.884882 0.412314
vt 0.884086 0.412312
vt 0.882767 0.415661
vt 0.882308 0.415661
vt 0.881848 0.415661
vt 0.881406 0.415662
vt 0.880998 0.415663
vt 0.880639 0.415665
vt 0.938214 0.415661
vt 0.937862 0.415659
vt 0.937458 0.415658
vt 0.937019 0.415657
vt 0.936560 0.415656
vt 0.936100 0.415656
vt 0.935656 0.415657
vt 0.935246 0.415659
vt 0.934885 0.415661
vt 0.902071 0.415665
vt 0.901716 0.415663
vt 0.901310 0.415662
vt 0.900869 0.415661
vt 0.900410 0.415661
vt 0.899950 0.415661
vt 0.899508 0.415662
vt 0.899099 0.415663
vt 0.898741 0.415665
vt 0.989469 0.107888
vt 0.989818 0.107891
vt 0.990219 0.107894
vt 0.990657 0.107895
vt 0.991115 0.107896
vt 0.991575 0.107895
vt 0.992020 0.107894
vt 0.992433 0.107892
vt 0.994356 0.111243
vt 0.883969 0.415665
vt 0.883614 0.415663
vt 0.883208 0.415662
vt 0.788274 0.274290
vt 0.787590 0.272758
vt 0.788700 0.274170
vt 0.789084 0.273996
vt 0.789411 0.273774
vt 0.789667 0.273513
vt 0.789844 0.273223
vt 0.789934 0.272915
vt 0.789934 0.272601
vt 0.789844 0.272293
vt 0.789667 0.272002
vt 0.789411 0.271741
vt 0.789084 0.271519
vt 0.788700 0.271345
vt 0.788274 0.271225
vt 0.787821 0.271163
vt 0.787360 0.271163
vt 0.786907 0.271225
vt 0.786480 0.271345
vt 0.786097 0.271519
vt 0.785770 0.271741
vt 0.785514 0.272002
vt 0.785337 0.272293
vt 0.785247 0.272601
vt 0.785247 0.272915
vt 0.785337 0.273223
vt 0.785514 0.273513
vt 0.785770 0.273774
vt 0.786097 0.273996
vt 0.786480 0.274170
vt 0.992797 0.107889
vt 0.786907 0.274290
vt 0.787360 0.274352
vt 0.787821 0.274352
vt 0.943724 0.132793
vt 0.944525 0.142927
vt 0.942856 0.142917
vt 0.942222 0.132784
vt 0.942647 0.123914
vt 0.941370 0.123906
vt 0.876764 0.132790
vt 0.876149 0.142924
vt 0.874452 0.142932
vt 0.875236 0.132797
vt 0.945018 0.153925
vt 0.943246 0.153915
vt 0.940944 0.142909
vt 0.940502 0.132778
vt 0.941334 0.116629
vt 0.940331 0.116623
vt 0.877591 0.123910
vt 0.876291 0.123917
vt 0.939906 0.123900
vt 0.878504 0.132784
vt 0.878083 0.142917
vt 0.875771 0.153922
vt 0.873969 0.153931
vt 0.941216 0.153907
vt 0.938862 0.142905
vt 0.938628 0.132773
vt 0.939837 0.111220
vt 0.939146 0.111216
vt 0.878598 0.116626
vt 0.877577 0.116631
vt 0.939181 0.116619
vt 0.879070 0.123905
vt 0.938313 0.123897
vt 0.880390 0.132781
vt 0.880178 0.142914
vt 0.877824 0.153915
vt 0.939006 0.153902
vt 0.936690 0.142903
vt 0.936673 0.132772
vt 0.938212 0.107894
vt 0.937859 0.107892
vt 0.879748 0.111217
vt 0.879045 0.111221
vt 0.938354 0.111213
vt 0.879761 0.116622
vt 0.937929 0.116616
vt 0.880674 0.123903
vt 0.936651 0.123895
vt 0.882348 0.132780
vt 0.882355 0.142912
vt 0.880048 0.153911
vt 0.936700 0.153900
vt 0.934512 0.142904
vt 0.934713 0.132773
vt 0.880995 0.107891
vt 0.880637 0.107893
vt 0.937456 0.107890
vt 0.880549 0.111215
vt 0.937491 0.111211
vt 0.881021 0.116620
vt 0.936623 0.116615
vt 0.882340 0.123902
vt 0.934983 0.123896
vt 0.884305 0.132781
vt 0.884529 0.142914
vt 0.882359 0.153910
vt 0.934388 0.153901
vt 0.932411 0.142909
vt 0.932822 0.132777
vt 0.881403 0.107890
vt 0.937016 0.107889
vt 0.881416 0.111213
vt 0.936592 0.111210
vt 0.882330 0.116619
vt 0.935313 0.116616
vt 0.884004 0.123903
vt 0.933375 0.123900
vt 0.886184 0.132785
vt 0.886617 0.142918
vt 0.884667 0.153911
vt 0.932158 0.153906
vt 0.930468 0.142916
vt 0.931073 0.132783
vt 0.881846 0.107889
vt 0.936557 0.107889
vt 0.882318 0.111212
vt 0.935689 0.111211
vt 0.883637 0.116620
vt 0.934050 0.116618
vt 0.885602 0.123906
vt 0.931888 0.123905
vt 0.887914 0.132790
vt 0.888539 0.142924
vt 0.886883 0.153916
vt 0.930095 0.153913
vt 0.928757 0.142925
vt 0.929534 0.132792
vt 0.882305 0.107889
vt 0.936097 0.107889
vt 0.883219 0.111213
vt 0.934819 0.111212
vt 0.884893 0.116623
vt 0.932881 0.116622
vt 0.887073 0.123911
vt 0.930579 0.123912
vt 0.889428 0.132798
vt 0.890221 0.142932
vt 0.888924 0.153922
vt 0.928279 0.153923
vt 0.907532 0.132798
vt 0.908325 0.142933
vt 0.906643 0.142924
vt 0.906018 0.132790
vt 0.882764 0.107889
vt 0.935654 0.107890
vt 0.884084 0.111215
vt 0.934014 0.111215
vt 0.886049 0.116626
vt 0.931853 0.116628
vt 0.888361 0.123917
vt 0.906465 0.123917
vt 0.905177 0.123911
vt 0.996529 0.390772
vt 0.997124 0.380643
vt 0.998850 0.380629
vt 0.998082 0.390760
vt 0.890709 0.153931
vt 0.908813 0.153931
vt 0.907028 0.153922
vt 0.904721 0.142918
vt 0.904288 0.132785
vt 0.883205 0.107890
vt 0.935243 0.107892
vt 0.884880 0.111217
vt 0.933306 0.111219
vt 0.887060 0.116631
vt 0.905164 0.116631
vt 0.904153 0.116626
vt 0.995728 0.399646
vt 0.997049 0.399636
vt 0.903706 0.123906
vt 0.994771 0.390781
vt 0.995170 0.380652
vt 0.997491 0.369647
vt 0.999323 0.369633
vt 0.904987 0.153916
vt 0.902633 0.142914
vt 0.902409 0.132781
vt 0.883611 0.107891
vt 0.934882 0.107894
vt 0.885576 0.111221
vt 0.903681 0.111221
vt 0.902984 0.111217
vt 0.994752 0.406923
vt 0.995790 0.406915
vt 0.902997 0.116623
vt 0.994233 0.399653
vt 0.902108 0.123903
vt 0.992874 0.390786
vt 0.993063 0.380658
vt 0.995417 0.369658
vt 0.902771 0.153912
vt 0.900459 0.142912
vt 0.900452 0.132780
vt 0.883966 0.107893
vt 0.902071 0.107893
vt 0.901716 0.107891
vt 0.993639 0.412325
vt 0.994353 0.412319
vt 0.902188 0.111215
vt 0.993577 0.406929
vt 0.901741 0.116620
vt 0.992620 0.399658
vt 0.900444 0.123902
vt 0.990912 0.390787
vt 0.990883 0.380660
vt 0.993179 0.369664
vt 0.900463 0.153910
vt 0.898282 0.142914
vt 0.898494 0.132781
vt 0.992430 0.415643
vt 0.992795 0.415640
vt 0.901310 0.107890
vt 0.992829 0.412329
vt 0.901323 0.111213
vt 0.992310 0.406933
vt 0.900434 0.116619
vt 0.990951 0.399659
vt 0.898778 0.123903
vt 0.988960 0.390785
vt 0.988714 0.380657
vt 0.990865 0.369666
vt 0.898152 0.153911
vt 0.896187 0.142917
vt 0.896608 0.132784
vt 0.992018 0.415645
vt 0.900869 0.107889
vt 0.991956 0.412331
vt 0.900422 0.111212
vt 0.990999 0.406934
vt 0.899125 0.116620
vt 0.989291 0.399657
vt 0.897175 0.123906
vt 0.987093 0.390779
vt 0.986639 0.380650
vt 0.988562 0.369663
vt 0.895928 0.153915
vt 0.894253 0.142924
vt 0.894868 0.132790
vt 0.991573 0.415646
vt 0.900410 0.107889
vt 0.991053 0.412332
vt 0.899521 0.111213
vt 0.989694 0.406932
vt 0.897865 0.116622
vt 0.987703 0.399652
vt 0.895695 0.123910
vt 0.986360 0.369655
vt 0.893875 0.153922
vt 0.892556 0.142932
vt 0.893340 0.132797
vt 0.991112 0.415647
vt 0.899950 0.107889
vt 0.990155 0.412331
vt 0.898653 0.111215
vt 0.988447 0.406928
vt 0.896702 0.116626
vt 0.894396 0.123917
vt 0.892073 0.153931
vt 0.990654 0.415646
vt 0.899508 0.107890
vt 0.989295 0.412328
vt 0.897852 0.111217
vt 0.895682 0.116631
vt 0.990216 0.415645
vt 0.899099 0.107891
vt 0.897149 0.111221
vt 0.898741 0.107893
vt 0.000000 0.000000
vt 0.000000 0.000000
vt 0.000000 0.000000
vt 0.000000 0.000000
vt 0.000000 0.000000
vt 0.000000 0.000000
vt 0.000000 0.000000
vt 0.000000 0.000000
vt 0.000000 0.000000
vt 0.000000 0.000000
vt 0.000000 0.000000
vt 0.000000 0.000000
vt 0.000000 0.000000
vt 0.000000 0.000000
vt 0.000000 0.000000
vt 0.000000 0.000000
vt 0.000000 0.000000
vt 0.000000 0.000000
vt 0.000000 0.000000
vt 0.000000 0.000000
vt 0.000000 0.000000
vt 0.000000 0.000000
vt 0.000000 0.000000
vt 0.000000 0.000000
vt 0.000000 0.000000
vt 0.000000 0.000000
vt 0.000000 0.000000
vt 0.000000 0.000000
vt 0.000000 0.000000
vt 0.000000 0.000000
vt 0.000000 0.000000
vt 0.000000 0.000000
vt 0.000000 0.000000
vt 0.000000 0.000000
vt 0.000000 0.000000
vt 0.000000 0.000000
vt 0.000000 0.000000
vt 0.000000 0.000000
vt 0.000000 0.000000
vt 0.000000 0.000000
vt 0.000000 0.000000
vt 0.000000 0.000000
vt 0.000000 0.000000
vt 0.000000 0.000000
vt 0.000000 0.000000
vt 0.000000 0.000000
vt 0.000000 0.000000
vt 0.000000 0.000000
vt 0.000000 0.000000
vt 0.000000 0.000000
vt 0.000000 0.000000
vt 0.000000 0.000000
vt 0.000000 0.000000
vt 0.000000 0.000000
vt 0.000000 0.000000
vt 0.000000 0.000000
vt 0.000000 0.000000
vt 0.000000 0.000000
vt 0.000000 0.000000
vt 0.000000 0.000000
vt 0.000000 0.000000
vt 0.000000 0.000000
vt 0.000000 0.000000
vt 0.000000 0.000000
vt 0.786817 0.426001
vt 0.786822 0.413084
vt 0.788104 0.413655
vt 0.788104 0.425999
vt 0.785769 0.425993
vt 0.785776 0.412839
vt 0.817719 0.246933
vt 0.817261 0.259847
vt 0.815971 0.260064
vt 0.816436 0.246913
vt 0.818782 0.246955
vt 0.818341 0.259296
vt 0.810449 0.428368
vt 0.810446 0.440140
vt 0.809165 0.440714
vt 0.809164 0.428370
vt 0.811505 0.428374
vt 0.811500 0.439908
vt 0.786682 0.074127
vt 0.786943 0.085897
vt 0.785655 0.085674
vt 0.785399 0.074141
vt 0.787746 0.074120
vt 0.788015 0.086464
vt 0.787066 0.406551
vt 0.788275 0.408785
vt 0.786050 0.405618
vt 0.817179 0.266381
vt 0.815883 0.267287
vt 0.818273 0.264167
vt 0.810543 0.443346
vt 0.809336 0.445583
vt 0.811567 0.442426
vt 0.786952 0.089104
vt 0.785669 0.088193
vt 0.788015 0.091333
vt 0.787774 0.400521
vt 0.788761 0.404650
vt 0.786851 0.398802
vt 0.817405 0.272417
vt 0.816139 0.274109
vt 0.818428 0.268306
vt 0.810805 0.445584
vt 0.809819 0.449713
vt 0.811737 0.443880
vt 0.786837 0.091343
vt 0.785594 0.089647
vt 0.787803 0.095465
vt 0.788835 0.396481
vt 0.789488 0.401879
vt 0.788050 0.394236
vt 0.817921 0.276467
vt 0.816722 0.278686
vt 0.818782 0.271084
vt 0.811196 0.447081
vt 0.810542 0.452476
vt 0.811991 0.444852
vt 0.786624 0.092841
vt 0.785456 0.090620
vt 0.789627 0.407269
vt 0.789233 0.408770
vt 0.789986 0.395075
vt 0.790346 0.400895
vt 0.789322 0.392656
vt 0.818588 0.277884
vt 0.817458 0.280279
vt 0.811394 0.453451
vt 0.811554 0.459271
vt 0.810411 0.457877
vt 0.811758 0.447638
vt 0.812432 0.445235
vt 0.786284 0.093400
vt 0.785188 0.091006
vt 0.790192 0.406706
vt 0.805443 0.394835
vt 0.805602 0.400658
vt 0.804863 0.392414
vt 0.826894 0.459331
vt 0.827568 0.461748
vt 0.812144 0.461688
vt 0.826534 0.453509
vt 0.826697 0.447694
vt 0.827288 0.445291
vt 0.805246 0.406473
vt 0.804584 0.408873
vt 0.789614 0.409104
vt 0.806595 0.396199
vt 0.806460 0.401610
vt 0.837025 0.243845
vt 0.836253 0.242290
vt 0.837402 0.240056
vt 0.838101 0.241438
vt 0.828038 0.457954
vt 0.828832 0.460200
vt 0.827386 0.452548
vt 0.827257 0.447148
vt 0.838188 0.399400
vt 0.837916 0.399771
vt 0.836773 0.397541
vt 0.837118 0.396999
vt 0.805810 0.407013
vt 0.805026 0.409242
vt 0.807658 0.400207
vt 0.807187 0.404354
vt 0.835566 0.237739
vt 0.836795 0.236031
vt 0.829093 0.453935
vt 0.830025 0.455655
vt 0.828108 0.449797
vt 0.836545 0.399021
vt 0.835625 0.394884
vt 0.836048 0.392139
vt 0.837769 0.400726
vt 0.806202 0.408491
vt 0.805280 0.410197
vt 0.836435 0.230005
vt 0.837480 0.227776
vt 0.837726 0.231901
vt 0.835159 0.230926
vt 0.829797 0.447913
vt 0.830821 0.448846
vt 0.828590 0.445675
vt 0.836406 0.401241
vt 0.835367 0.399003
vt 0.837679 0.402160
vt 0.806464 0.410711
vt 0.805449 0.411630
vt 0.807673 0.408470
vt 0.836372 0.223472
vt 0.837440 0.222910
vt 0.835087 0.223702
vt 0.830039 0.441381
vt 0.831093 0.441624
vt 0.828759 0.440809
vt 0.836380 0.404440
vt 0.835314 0.403867
vt 0.837665 0.404669
vt 0.806561 0.413909
vt 0.805515 0.414139
vt 0.807844 0.413334
vt 0.837037 0.174507
vt 0.838101 0.174518
vt 0.835754 0.174500
vt 0.830037 0.392415
vt 0.831093 0.392420
vt 0.828752 0.392417
vt 0.836904 0.452259
vt 0.835841 0.452260
vt 0.838188 0.452251
vt 0.806556 0.461726
vt 0.805508 0.461719
vt 0.807844 0.461724
vt 0.814548 0.280279
vt 0.813994 0.267368
vt 0.815171 0.267912
vt 0.815705 0.280250
vt 0.813308 0.280300
vt 0.812745 0.267152
vt 0.814328 0.329534
vt 0.814332 0.342451
vt 0.813189 0.342692
vt 0.813183 0.329538
vt 0.815576 0.329536
vt 0.815576 0.341881
vt 0.820455 0.270738
vt 0.820766 0.258969
vt 0.821928 0.258406
vt 0.821606 0.270748
vt 0.819211 0.270721
vt 0.819517 0.259188
vt 0.814431 0.207881
vt 0.814428 0.196109
vt 0.815571 0.196343
vt 0.815576 0.207878
vt 0.813183 0.207879
vt 0.813184 0.195535
vt 0.813895 0.260834
vt 0.815089 0.263041
vt 0.812639 0.259929
vt 0.814553 0.348984
vt 0.813438 0.349913
vt 0.815731 0.346751
vt 0.820777 0.255762
vt 0.821928 0.253537
vt 0.819533 0.256670
vt 0.814517 0.192903
vt 0.815632 0.193825
vt 0.813340 0.190666
vt 0.814168 0.254794
vt 0.815277 0.258899
vt 0.812948 0.253102
vt 0.815196 0.355013
vt 0.814165 0.356728
vt 0.816172 0.350885
vt 0.820640 0.253523
vt 0.821674 0.249403
vt 0.819443 0.255216
vt 0.814756 0.190666
vt 0.815787 0.192371
vt 0.813781 0.186535
vt 0.814793 0.250736
vt 0.815705 0.256116
vt 0.813654 0.248517
vt 0.816158 0.359052
vt 0.815252 0.361293
vt 0.816831 0.353655
vt 0.820386 0.252024
vt 0.821205 0.246636
vt 0.819278 0.254241
vt 0.815113 0.189169
vt 0.816019 0.191399
vt 0.814441 0.183772
vt 0.814396 0.178372
vt 0.815440 0.176978
vt 0.815219 0.182797
vt 0.814544 0.246914
vt 0.815599 0.249310
vt 0.817202 0.360456
vt 0.816406 0.362871
vt 0.817609 0.354638
vt 0.816877 0.348263
vt 0.817389 0.348824
vt 0.818958 0.253855
vt 0.819980 0.251463
vt 0.815626 0.188612
vt 0.816422 0.191016
vt 0.830347 0.176915
vt 0.829943 0.182736
vt 0.816159 0.174563
vt 0.831142 0.174500
vt 0.832108 0.360664
vt 0.831388 0.363080
vt 0.832333 0.354842
vt 0.831929 0.349025
vt 0.816671 0.346421
vt 0.831135 0.346621
vt 0.830166 0.188552
vt 0.830886 0.190957
vt 0.831391 0.178292
vt 0.830721 0.183697
vt 0.832296 0.176048
vt 0.835129 0.394823
vt 0.834297 0.396208
vt 0.833209 0.393974
vt 0.834128 0.392415
vt 0.833111 0.353889
vt 0.833153 0.359298
vt 0.832441 0.348484
vt 0.831536 0.346251
vt 0.837147 0.348744
vt 0.836729 0.348204
vt 0.837799 0.345978
vt 0.838128 0.346348
vt 0.830678 0.189098
vt 0.832354 0.182311
vt 0.831380 0.186448
vt 0.833385 0.180593
vt 0.833580 0.400236
vt 0.832397 0.398528
vt 0.835071 0.401607
vt 0.834580 0.404363
vt 0.832797 0.347005
vt 0.833770 0.351144
vt 0.831766 0.345296
vt 0.836453 0.346725
vt 0.837621 0.345023
vt 0.835981 0.353604
vt 0.835469 0.350860
vt 0.832997 0.188333
vt 0.831820 0.190571
vt 0.834113 0.187402
vt 0.833161 0.406263
vt 0.831923 0.405343
vt 0.834293 0.408489
vt 0.833034 0.344785
vt 0.834211 0.347026
vt 0.831919 0.343862
vt 0.836285 0.344505
vt 0.837513 0.343589
vt 0.835157 0.346743
vt 0.833218 0.194866
vt 0.831974 0.195437
vt 0.834361 0.194624
vt 0.833097 0.412797
vt 0.831850 0.412567
vt 0.834254 0.413356
vt 0.833122 0.341587
vt 0.834366 0.342162
vt 0.831979 0.341353
vt 0.836254 0.341307
vt 0.837496 0.341081
vt 0.835093 0.341879
vt 0.833216 0.243832
vt 0.831968 0.243830
vt 0.834361 0.243829
vt 0.833979 0.461759
vt 0.832734 0.461767
vt 0.835129 0.461745
vt 0.833118 0.293766
vt 0.834366 0.293769
vt 0.831973 0.293770
vt 0.836888 0.293491
vt 0.838128 0.293503
vt 0.835730 0.293490
vt 0.003048 0.971698
vt 0.003048 0.878633
vt 0.025071 0.878632
vt 0.144140 0.971508
vt 0.567265 0.026785
vt 0.132770 0.971509
vt 0.025071 0.028492
vt 0.300780 0.026701
vt 0.304382 0.026734
vt 0.785883 0.268271
vt 0.785883 0.175212
vt 0.811771 0.175216
vt 0.811771 0.268276
vt 0.548853 0.901630
vt 0.538146 0.901611
vt 0.373256 0.901626
vt 0.362580 0.901603
vt 0.438377 0.901604
vt 0.427250 0.901611
vt 0.527015 0.901604
vt 0.340324 0.901601
vt 0.329599 0.901624
vt 0.351461 0.901594
vt 0.416555 0.901631
vt 0.515889 0.901611
vt 0.319697 0.901661
vt 0.406703 0.901663
vt 0.505194 0.901631
vt 0.310999 0.901711
vt 0.495342 0.901663
vt 0.478744 0.901706
vt 0.470086 0.901662
vt 0.486711 0.901707
vt 0.460214 0.901631
vt 0.391668 0.901715
vt 0.383078 0.901664
vt 0.449507 0.901611
vt 0.399651 0.901699
vt 0.466831 0.916260
vt 0.457979 0.916232
vt 0.379766 0.916266
vt 0.370959 0.916233
vt 0.409998 0.916261
vt 0.406360 0.916279
vt 0.559098 0.916279
vt 0.555449 0.916260
vt 0.448378 0.916214
vt 0.361387 0.916211
vt 0.300567 0.916225
vt 0.289638 0.916119
vt 0.438398 0.916208
vt 0.351416 0.916204
vt 0.280885 0.916070
vt 0.428421 0.916214
vt 0.271346 0.916039
vt 0.418832 0.916232
vt 0.261388 0.916027
vt 0.251392 0.916035
vt 0.546597 0.916232
vt 0.241744 0.916063
vt 0.536996 0.916214
vt 0.232815 0.916108
vt 0.527016 0.916208
vt 0.341430 0.916210
vt 0.221493 0.916211
vt 0.517039 0.916214
vt 0.331813 0.916230
vt 0.507450 0.916232
vt 0.322935 0.916263
vt 0.498616 0.916261
vt 0.315136 0.916308
vt 0.490877 0.916300
vt 0.474594 0.916299
vt 0.387469 0.916312
vt 0.889113 0.029034
vt 0.889722 0.032212
vt 0.889722 0.042605
vt 0.887105 0.049191
vt 0.882650 0.055302
vt 0.876529 0.060704
vt 0.868975 0.065191
vt 0.860281 0.068588
vt 0.850779 0.070767
vt 0.835530 0.071401
vt 0.830831 0.071181
vt 0.821152 0.069401
vt 0.812169 0.066370
vt 0.804227 0.062205
vt 0.797633 0.057067
vt 0.792639 0.051152
vt 0.789437 0.044687
vt 0.788150 0.037922
vt 0.788828 0.031116
vt 0.791445 0.024531
vt 0.795899 0.018420
vt 0.802021 0.013017
vt 0.809574 0.008531
vt 0.818269 0.005133
vt 0.827771 0.002955
vt 0.837715 0.002080
vt 0.847719 0.002541
vt 0.857398 0.004321
vt 0.866381 0.007352
vt 0.874322 0.011516
vt 0.880917 0.016655
vt 0.885911 0.022570
vt 0.448364 0.877003
vt 0.457963 0.877020
vt 0.466814 0.877049
vt 0.474576 0.877088
vt 0.315139 0.877097
vt 0.322937 0.877053
vt 0.331815 0.877020
vt 0.341431 0.877000
vt 0.351416 0.876993
vt 0.361386 0.877001
vt 0.370958 0.877022
vt 0.379764 0.877056
vt 0.387465 0.877101
vt 0.490894 0.877088
vt 0.498632 0.877049
vt 0.507465 0.877021
vt 0.517054 0.877003
vt 0.527030 0.876997
vt 0.537009 0.877002
vt 0.546609 0.877020
vt 0.555460 0.877049
vt 0.559098 0.876949
vt 0.221493 0.876883
vt 0.232817 0.876899
vt 0.241746 0.876853
vt 0.251393 0.876826
vt 0.261388 0.876818
vt 0.271345 0.876830
vt 0.280883 0.876861
vt 0.289636 0.876910
vt 0.300567 0.876898
vt 0.406360 0.876949
vt 0.409986 0.877050
vt 0.418819 0.877021
vt 0.428408 0.877003
vt 0.438384 0.876997
vt 0.787369 0.282713
vt 0.787426 0.282687
vt 0.787489 0.282669
vt 0.787556 0.282660
vt 0.787625 0.282660
vt 0.787692 0.282669
vt 0.787755 0.282687
vt 0.787812 0.282713
vt 0.787860 0.282746
vt 0.787898 0.282784
vt 0.787924 0.282827
vt 0.787938 0.282873
vt 0.787938 0.282920
vt 0.787924 0.282965
vt 0.787898 0.283008
vt 0.787865 0.283048
vt 0.787815 0.283082
vt 0.787756 0.283110
vt 0.787692 0.283124
vt 0.787625 0.283133
vt 0.787556 0.283133
vt 0.787489 0.283124
vt 0.787426 0.283106
vt 0.787369 0.283080
vt 0.787321 0.283047
vt 0.787283 0.283008
vt 0.787256 0.282965
vt 0.787243 0.282920
vt 0.787243 0.282873
vt 0.787256 0.282827
vt 0.787283 0.282784
vt 0.787321 0.282746
vt 0.987824 0.412318
vt 0.988560 0.412323
vt 0.989808 0.415556
vt 0.989466 0.415639
vt 0.986310 0.406913
vt 0.987379 0.406920
vt 0.986343 0.399642
vt 0.984984 0.399632
vt 0.983895 0.390756
vt 0.985494 0.390767
vt 0.983086 0.380625
vt 0.984863 0.380638
vt 0.982588 0.369629
vt 0.984474 0.369642
vt 0.786415 0.281922
vt 0.786158 0.282097
vt 0.785770 0.281880
vt 0.786097 0.281658
vt 0.785956 0.282302
vt 0.785514 0.282141
vt 0.786717 0.281785
vt 0.786480 0.281484
vt 0.785817 0.282530
vt 0.785337 0.282431
vt 0.787052 0.281690
vt 0.786907 0.281364
vt 0.785746 0.282773
vt 0.785247 0.282739
vt 0.787409 0.281642
vt 0.787360 0.281302
vt 0.785746 0.283020
vt 0.785247 0.283053
vt 0.787772 0.281642
vt 0.787821 0.281302
vt 0.788128 0.281690
vt 0.788274 0.281364
vt 0.785817 0.283262
vt 0.785337 0.283361
vt 0.785956 0.283491
vt 0.785514 0.283652
vt 0.788464 0.281785
vt 0.788700 0.281484
vt 0.786158 0.283696
vt 0.785770 0.283913
vt 0.788766 0.281922
vt 0.789084 0.281658
vt 0.786415 0.283871
vt 0.786097 0.284135
vt 0.789023 0.282097
vt 0.789411 0.281880
vt 0.789225 0.282302
vt 0.789667 0.282141
vt 0.786717 0.284008
vt 0.786480 0.284309
vt 0.787052 0.284103
vt 0.786907 0.284429
vt 0.789364 0.282530
vt 0.789844 0.282431
vt 0.789435 0.282773
vt 0.789934 0.282739
vt 0.787409 0.284151
vt 0.787360 0.284491
vt 0.789435 0.283020
vt 0.789934 0.283053
vt 0.787772 0.284151
vt 0.787821 0.284491
vt 0.788128 0.284103
vt 0.788274 0.284429
vt 0.789364 0.283262
vt 0.789844 0.283361
vt 0.788469 0.283999
vt 0.788700 0.284309
vt 0.789225 0.283491
vt 0.789667 0.283652
vt 0.789009 0.283698
vt 0.789411 0.283913
vt 0.788759 0.283865
vt 0.789092 0.284141
vt 0.786733 0.282185
vt 0.786545 0.282313
vt 0.786398 0.282463
vt 0.786953 0.282085
vt 0.786297 0.282629
vt 0.787198 0.282016
vt 0.786245 0.282806
vt 0.787458 0.281981
vt 0.786245 0.282987
vt 0.787723 0.281981
vt 0.787983 0.282016
vt 0.786297 0.283163
vt 0.786398 0.283330
vt 0.788228 0.282085
vt 0.786545 0.283480
vt 0.788448 0.282185
vt 0.786733 0.283607
vt 0.788635 0.282313
vt 0.788783 0.282463
vt 0.786953 0.283708
vt 0.787198 0.283776
vt 0.788884 0.282629
vt 0.788936 0.282806
vt 0.787458 0.283812
vt 0.788936 0.282987
vt 0.787723 0.283812
vt 0.787983 0.283776
vt 0.788884 0.283163
vt 0.788214 0.283703
vt 0.788783 0.283330
vt 0.788631 0.283470
vt 0.788443 0.283604
vt 0.787051 0.282449
vt 0.786933 0.282529
vt 0.786840 0.282624
vt 0.787189 0.282386
vt 0.786777 0.282728
vt 0.787344 0.282343
vt 0.786744 0.282840
vt 0.787507 0.282321
vt 0.786744 0.282953
vt 0.787674 0.282321
vt 0.787837 0.282343
vt 0.786777 0.283064
vt 0.786840 0.283169
vt 0.787991 0.282386
vt 0.786933 0.283263
vt 0.788130 0.282449
vt 0.787051 0.283344
vt 0.788248 0.282529
vt 0.788340 0.282624
vt 0.787189 0.283407
vt 0.787344 0.283450
vt 0.788404 0.282728
vt 0.788437 0.282840
vt 0.787507 0.283472
vt 0.788437 0.282953
vt 0.787674 0.283472
vt 0.787837 0.283450
vt 0.788404 0.283064
vt 0.787967 0.283401
vt 0.788340 0.283169
vt 0.788244 0.283246
vt 0.788126 0.283340
vn -0.0000 1.0000 0.0000
vn -0.0980 0.0000 0.9952
vn -0.2903 0.0000 0.9569
vn -0.4714 0.0000 0.8819
vn -0.6344 0.0000 0.7730
vn -0.7730 0.0000 0.6344
vn -0.8819 0.0000 0.4714
vn -0.9569 0.0000 0.2903
vn -0.9952 0.0000 0.0980
vn -0.9952 0.0000 -0.0980
vn -0.9569 0.0000 -0.2903
vn -0.8819 0.0000 -0.4714
vn 0.8819 0.0000 -0.4714
vn 0.9569 0.0000 -0.2903
vn 0.9952 0.0000 -0.0980
vn 0.9952 0.0000 0.0980
vn 0.9569 0.0000 0.2903
vn 0.8819 0.0000 0.4714
vn 0.7730 0.0000 0.6344
vn 0.6344 0.0000 0.7730
vn 0.4714 0.0000 0.8819
vn 0.0000 -1.0000 -0.0000
vn 0.2903 0.0000 0.9569
vn 0.0980 0.0000 0.9952
vn 0.0000 1.0000 -0.0001
vn -0.0903 0.3887 0.9169
vn -0.0003 -1.0000 -0.0030
vn -0.4343 0.3887 0.8126
vn -0.0014 -1.0000 -0.0027
vn -0.6575 -0.0000 0.7535
vn 0.0021 -1.0000 -0.0008
vn 0.2675 0.3887 0.8817
vn 0.6062 0.3873 0.6947
vn 0.4343 0.3887 0.8126
vn 0.0009 -1.0000 -0.0029
vn -0.6061 0.3875 0.6946
vn -0.2675 0.3887 0.8817
vn 0.0014 -1.0000 -0.0027
vn 0.0903 0.3887 0.9169
vn 0.0003 -1.0000 -0.0030
vn 1.0000 0.0000 0.0000
vn -0.0000 -0.0000 1.0000
vn -1.0000 -0.0000 -0.0000
vn 0.0000 0.0000 -1.0000
vn -0.0021 -1.0000 -0.0008
vn -0.4714 -0.0000 -0.8819
vn -0.7730 0.0000 -0.6344
vn -0.6344 -0.0000 -0.7730
vn -0.0980 -0.0000 -0.9952
vn 0.4714 0.0000 -0.8819
vn 0.2903 0.0000 -0.9569
vn 0.7730 0.0000 -0.6344
vn 0.6344 0.0000 -0.7730
vn -0.2903 -0.0000 -0.9569
vn 0.0980 0.0000 -0.9952
vn -0.7123 0.3885 0.5846
vn 0.0000 0.8674 0.4976
vn -0.6401 0.0001 -0.7683
vn -0.7777 0.0001 -0.6286
vn -0.4780 0.0001 -0.8784
vn -0.2954 -0.0001 -0.9554
vn -0.1076 -0.0001 -0.9942
vn 0.0906 0.0001 -0.9959
vn 0.2832 0.0001 -0.9591
vn 0.4648 0.0001 -0.8854
vn 0.6286 0.0001 -0.7777
vn 0.7683 0.0001 -0.6401
vn 0.8784 0.0001 -0.4780
vn 0.9548 0.0001 -0.2974
vn 0.9944 0.0001 -0.1054
vn 0.9959 0.0001 0.0906
vn 0.9591 0.0001 0.2832
vn 0.8854 0.0001 0.4648
vn 0.7777 0.0001 0.6286
vn 0.6401 0.0001 0.7683
vn 0.4780 0.0001 0.8784
vn 0.2960 0.0001 0.9552
vn 0.1054 0.0002 0.9944
vn -0.0891 0.0001 0.9960
vn -0.2846 0.0001 0.9587
vn -0.4635 0.0001 0.8861
vn -0.6289 0.0001 0.7775
vn -0.7683 0.0001 0.6401
vn -0.8784 0.0001 0.4780
vn -0.9546 0.0001 0.2978
vn -0.9944 0.0001 0.1054
vn -0.9959 0.0001 -0.0906
vn -0.9591 0.0001 -0.2832
vn -0.8854 0.0001 -0.4648
vn -0.9895 0.0994 0.1049
vn -0.9910 0.0994 -0.0902
vn -0.9543 0.0994 -0.2818
vn -0.8810 0.0994 -0.4625
vn -0.7739 0.0994 -0.6255
vn -0.6370 0.0994 -0.7645
vn -0.4756 0.0994 -0.8740
vn -0.2959 0.0994 -0.9500
vn -0.1049 0.0994 -0.9895
vn 0.0902 0.0994 -0.9910
vn 0.2817 0.0994 -0.9543
vn 0.4625 0.0994 -0.8810
vn 0.6255 0.0994 -0.7739
vn 0.7645 0.0994 -0.6370
vn 0.8740 0.0994 -0.4756
vn 0.9500 0.0994 -0.2959
vn 0.9895 0.0994 -0.1049
vn 0.9910 0.0994 0.0902
vn 0.9543 0.0994 0.2817
vn 0.8810 0.0994 0.4625
vn 0.7739 0.0994 0.6255
vn 0.6370 0.0994 0.7645
vn 0.4756 0.0994 0.8740
vn 0.2945 0.0979 0.9506
vn 0.1049 0.0963 0.9898
vn -0.0886 0.0979 0.9912
vn -0.2833 0.0979 0.9540
vn -0.4612 0.0979 0.8819
vn -0.7645 0.0986 0.6370
vn -0.8741 0.0986 0.4756
vn -0.9499 0.0990 0.2963
vn -0.9520 0.2890 0.1009
vn -0.9534 0.2890 -0.0867
vn -0.9181 0.2890 -0.2711
vn -0.8476 0.2890 -0.4450
vn -0.7445 0.2890 -0.6018
vn -0.6128 0.2890 -0.7355
vn -0.4576 0.2890 -0.8409
vn -0.2847 0.2890 -0.9140
vn -0.1009 0.2890 -0.9520
vn 0.0867 0.2890 -0.9534
vn 0.2711 0.2890 -0.9181
vn 0.4450 0.2890 -0.8476
vn 0.6018 0.2890 -0.7445
vn 0.7355 0.2890 -0.6128
vn 0.8409 0.2890 -0.4576
vn 0.9140 0.2890 -0.2847
vn 0.9520 0.2890 -0.1009
vn 0.9534 0.2890 0.0867
vn 0.9182 0.2890 0.2711
vn 0.8476 0.2890 0.4450
vn 0.7445 0.2890 0.6018
vn 0.6128 0.2890 0.7355
vn 0.4576 0.2890 0.8409
vn 0.2847 0.2890 0.9140
vn 0.1009 0.2890 0.9520
vn -0.0867 0.2890 0.9534
vn -0.2711 0.2890 0.9182
vn -0.4450 0.2890 0.8476
vn -0.6258 0.0990 0.7736
vn -0.7355 0.2890 0.6128
vn -0.8409 0.2890 0.4576
vn -0.9140 0.2890 0.2847
vn -0.8779 0.4696 0.0931
vn -0.8792 0.4696 -0.0800
vn -0.8467 0.4696 -0.2500
vn -0.7817 0.4696 -0.4104
vn -0.6866 0.4696 -0.5550
vn -0.5652 0.4696 -0.6783
vn -0.4220 0.4696 -0.7755
vn -0.2626 0.4696 -0.8429
vn -0.0931 0.4696 -0.8779
vn 0.0800 0.4696 -0.8792
vn 0.2500 0.4696 -0.8467
vn 0.4104 0.4696 -0.7817
vn 0.5550 0.4696 -0.6866
vn 0.6783 0.4696 -0.5651
vn 0.7755 0.4696 -0.4220
vn 0.8429 0.4696 -0.2626
vn 0.8779 0.4696 -0.0931
vn 0.8792 0.4696 0.0800
vn 0.8467 0.4696 0.2500
vn 0.7817 0.4696 0.4104
vn 0.6866 0.4696 0.5550
vn 0.5651 0.4696 0.6783
vn 0.4220 0.4696 0.7755
vn 0.2626 0.4696 0.8429
vn 0.0931 0.4696 0.8779
vn -0.0800 0.4696 0.8792
vn -0.2500 0.4696 0.8467
vn -0.4104 0.4696 0.7817
vn -0.6018 0.2890 0.7445
vn -0.6783 0.4696 0.5651
vn -0.7755 0.4696 0.4220
vn -0.8429 0.4696 0.2626
vn -0.7702 0.6326 0.0817
vn -0.7713 0.6326 -0.0702
vn -0.7428 0.6326 -0.2193
vn -0.6858 0.6326 -0.3600
vn -0.6023 0.6326 -0.4869
vn -0.4958 0.6326 -0.5950
vn -0.3702 0.6326 -0.6803
vn -0.2303 0.6326 -0.7395
vn -0.0817 0.6326 -0.7702
vn 0.0702 0.6326 -0.7713
vn 0.2193 0.6326 -0.7428
vn 0.3600 0.6326 -0.6858
vn 0.4869 0.6326 -0.6023
vn 0.5950 0.6326 -0.4958
vn 0.6803 0.6326 -0.3702
vn 0.7395 0.6326 -0.2303
vn 0.7702 0.6326 -0.0817
vn 0.7713 0.6326 0.0702
vn 0.7428 0.6326 0.2193
vn 0.6858 0.6326 0.3600
vn 0.6023 0.6326 0.4869
vn 0.4958 0.6326 0.5950
vn 0.3702 0.6326 0.6803
vn 0.2303 0.6326 0.7395
vn 0.0817 0.6326 0.7702
vn -0.0702 0.6326 0.7713
vn -0.2193 0.6326 0.7428
vn -0.3600 0.6326 0.6858
vn -0.5550 0.4696 0.6866
vn -0.5950 0.6326 0.4958
vn -0.6803 0.6326 0.3702
vn -0.7395 0.6326 0.2303
vn -0.6327 0.7715 0.0671
vn -0.6336 0.7715 -0.0576
vn -0.6102 0.7715 -0.1801
vn -0.5633 0.7715 -0.2957
vn -0.4948 0.7715 -0.3999
vn -0.4073 0.7715 -0.4888
vn -0.3041 0.7715 -0.5589
vn -0.1892 0.7715 -0.6074
vn -0.0671 0.7715 -0.6327
vn 0.0576 0.7715 -0.6336
vn 0.1801 0.7715 -0.6102
vn 0.2957 0.7715 -0.5633
vn 0.3999 0.7715 -0.4948
vn 0.4888 0.7715 -0.4073
vn 0.5589 0.7715 -0.3041
vn 0.6074 0.7715 -0.1892
vn 0.6327 0.7715 -0.0671
vn 0.6336 0.7715 0.0577
vn 0.6102 0.7715 0.1801
vn 0.5633 0.7715 0.2957
vn 0.4948 0.7715 0.3999
vn 0.4073 0.7715 0.4888
vn 0.3041 0.7715 0.5589
vn 0.1892 0.7715 0.6074
vn 0.0671 0.7715 0.6327
vn -0.0576 0.7715 0.6336
vn -0.1801 0.7715 0.6102
vn -0.2957 0.7715 0.5633
vn -0.4869 0.6326 0.6024
vn -0.4888 0.7715 0.4073
vn -0.5589 0.7715 0.3041
vn -0.6074 0.7715 0.1892
vn -0.4705 0.8810 0.0499
vn -0.4712 0.8810 -0.0429
vn -0.4538 0.8810 -0.1340
vn -0.4189 0.8810 -0.2199
vn -0.3680 0.8810 -0.2974
vn -0.3029 0.8810 -0.3635
vn -0.2262 0.8810 -0.4156
vn -0.1407 0.8810 -0.4518
vn -0.0499 0.8810 -0.4705
vn 0.0429 0.8810 -0.4712
vn 0.1340 0.8810 -0.4538
vn 0.2199 0.8810 -0.4189
vn 0.2974 0.8810 -0.3680
vn 0.3635 0.8810 -0.3029
vn 0.4156 0.8810 -0.2262
vn 0.4518 0.8810 -0.1407
vn 0.4705 0.8810 -0.0499
vn 0.4712 0.8810 0.0429
vn 0.4538 0.8810 0.1340
vn 0.4189 0.8810 0.2199
vn 0.3680 0.8810 0.2974
vn 0.3029 0.8810 0.3635
vn 0.2262 0.8810 0.4156
vn 0.1407 0.8810 0.4518
vn 0.0499 0.8810 0.4705
vn -0.0429 0.8810 0.4712
vn -0.1340 0.8810 0.4538
vn -0.2199 0.8810 0.4189
vn -0.3999 0.7715 0.4948
vn -0.3635 0.8810 0.3029
vn -0.4156 0.8810 0.2262
vn -0.4518 0.8810 0.1407
vn -0.2899 0.9565 0.0307
vn -0.2904 0.9565 -0.0264
vn -0.2796 0.9565 -0.0825
vn -0.2582 0.9565 -0.1355
vn -0.2268 0.9565 -0.1833
vn -0.1866 0.9565 -0.2240
vn -0.1394 0.9565 -0.2561
vn -0.0867 0.9566 -0.2784
vn -0.0307 0.9565 -0.2899
vn 0.0264 0.9566 -0.2904
vn 0.0826 0.9565 -0.2796
vn 0.1355 0.9566 -0.2581
vn 0.1833 0.9565 -0.2268
vn 0.2240 0.9565 -0.1866
vn 0.2561 0.9565 -0.1394
vn 0.2784 0.9566 -0.0867
vn 0.2899 0.9565 -0.0307
vn 0.2904 0.9565 0.0264
vn 0.2796 0.9565 0.0825
vn 0.2582 0.9565 0.1355
vn 0.2268 0.9565 0.1833
vn 0.1866 0.9566 0.2240
vn 0.1394 0.9565 0.2561
vn 0.0867 0.9566 0.2784
vn 0.0307 0.9565 0.2900
vn -0.0264 0.9565 0.2904
vn -0.0826 0.9565 0.2796
vn -0.1355 0.9565 0.2582
vn -0.2974 0.8810 0.3680
vn -0.2240 0.9566 0.1866
vn -0.2561 0.9565 0.1394
vn -0.2784 0.9565 0.0867
vn -0.0979 0.9951 0.0104
vn -0.0981 0.9951 -0.0089
vn -0.0945 0.9951 -0.0279
vn -0.0872 0.9951 -0.0458
vn -0.0766 0.9951 -0.0619
vn -0.0630 0.9951 -0.0757
vn -0.0471 0.9951 -0.0865
vn -0.0293 0.9951 -0.0940
vn -0.0104 0.9951 -0.0979
vn 0.0089 0.9951 -0.0981
vn 0.0279 0.9951 -0.0944
vn 0.0458 0.9951 -0.0872
vn 0.0619 0.9951 -0.0766
vn 0.0757 0.9951 -0.0630
vn 0.0865 0.9951 -0.0471
vn 0.0940 0.9951 -0.0294
vn 0.0979 0.9951 -0.0104
vn 0.0981 0.9951 0.0090
vn 0.0945 0.9951 0.0279
vn 0.0872 0.9951 0.0458
vn 0.0766 0.9951 0.0619
vn 0.0630 0.9951 0.0757
vn 0.0471 0.9951 0.0865
vn 0.0293 0.9951 0.0940
vn 0.0104 0.9951 0.0979
vn -0.0089 0.9951 0.0981
vn -0.0279 0.9951 0.0944
vn -0.0458 0.9951 0.0872
vn -0.1833 0.9565 0.2268
vn -0.0757 0.9951 0.0631
vn -0.0865 0.9951 0.0471
vn -0.0940 0.9951 0.0294
vn -0.0619 0.9951 0.0766
vn -0.5652 -0.4696 -0.6783
vn -0.4958 -0.6326 -0.5950
vn -0.6866 -0.4696 -0.5550
vn -0.6128 -0.2890 -0.7355
vn -0.4220 -0.4696 -0.7755
vn -0.4073 -0.7715 -0.4888
vn -0.6023 -0.6326 -0.4869
vn -0.3702 -0.6326 -0.6803
vn -0.7817 -0.4696 -0.4104
vn -0.7445 -0.2890 -0.6018
vn -0.6368 -0.1019 -0.7643
vn -0.4576 -0.2890 -0.8409
vn -0.2626 -0.4696 -0.8429
vn -0.3029 -0.8810 -0.3635
vn -0.4948 -0.7715 -0.3999
vn -0.3041 -0.7715 -0.5588
vn -0.6858 -0.6326 -0.3600
vn -0.2303 -0.6326 -0.7395
vn -0.8467 -0.4696 -0.2500
vn -0.8476 -0.2890 -0.4450
vn -0.7737 -0.1019 -0.6253
vn -0.4755 -0.1019 -0.8738
vn -0.2847 -0.2890 -0.9140
vn -0.0931 -0.4696 -0.8779
vn -0.1866 -0.9565 -0.2240
vn -0.3680 -0.8810 -0.2974
vn -0.2262 -0.8810 -0.4156
vn -0.5633 -0.7715 -0.2957
vn -0.1892 -0.7715 -0.6074
vn -0.7428 -0.6326 -0.2193
vn -0.0817 -0.6326 -0.7702
vn -0.8792 -0.4696 -0.0800
vn -0.9182 -0.2890 -0.2711
vn -0.8808 -0.1019 -0.4624
vn -0.2939 -0.0997 -0.9506
vn -0.1009 -0.2890 -0.9520
vn 0.0800 -0.4696 -0.8792
vn -0.0630 -0.9951 -0.0757
vn -0.2268 -0.9565 -0.1833
vn -0.1394 -0.9566 -0.2561
vn -0.4189 -0.8810 -0.2199
vn -0.1407 -0.8810 -0.4518
vn -0.6102 -0.7715 -0.1801
vn -0.0671 -0.7715 -0.6327
vn -0.7713 -0.6326 -0.0702
vn 0.0702 -0.6326 -0.7713
vn -0.8779 -0.4696 0.0931
vn -0.9534 -0.2890 -0.0867
vn -0.9541 -0.1019 -0.2817
vn -0.1070 -0.0997 -0.9892
vn 0.0867 -0.2890 -0.9534
vn 0.2500 -0.4696 -0.8467
vn -0.0471 -0.9951 -0.0865
vn -0.0766 -0.9951 -0.0619
vn -0.2582 -0.9566 -0.1355
vn -0.0867 -0.9566 -0.2784
vn -0.4538 -0.8810 -0.1340
vn -0.0499 -0.8810 -0.4705
vn -0.6336 -0.7715 -0.0576
vn 0.0576 -0.7715 -0.6336
vn -0.7702 -0.6326 0.0817
vn 0.2193 -0.6326 -0.7428
vn -0.8429 -0.4696 0.2626
vn -0.9520 -0.2890 0.1009
vn -0.9907 -0.1019 -0.0901
vn 0.0901 -0.1019 -0.9907
vn 0.2711 -0.2890 -0.9181
vn 0.4104 -0.4696 -0.7817
vn -0.0293 -0.9951 -0.0940
vn -0.0872 -0.9951 -0.0458
vn -0.2796 -0.9565 -0.0826
vn -0.0307 -0.9566 -0.2899
vn -0.4712 -0.8810 -0.0429
vn 0.0429 -0.8810 -0.4712
vn -0.6327 -0.7715 0.0671
vn 0.1801 -0.7715 -0.6102
vn -0.7395 -0.6326 0.2303
vn 0.3600 -0.6326 -0.6858
vn -0.7755 -0.4696 0.4220
vn -0.9140 -0.2890 0.2847
vn -0.9893 -0.1019 0.1049
vn 0.2817 -0.1019 -0.9541
vn 0.4450 -0.2890 -0.8476
vn 0.5550 -0.4696 -0.6866
vn -0.0104 -0.9951 -0.0979
vn -0.0945 -0.9951 -0.0279
vn -0.2904 -0.9566 -0.0264
vn 0.0264 -0.9565 -0.2904
vn -0.4705 -0.8810 0.0499
vn 0.1340 -0.8810 -0.4538
vn -0.6074 -0.7715 0.1892
vn 0.2957 -0.7715 -0.5633
vn -0.6803 -0.6326 0.3702
vn 0.4869 -0.6326 -0.6023
vn -0.6783 -0.4696 0.5651
vn -0.8409 -0.2890 0.4576
vn -0.9498 -0.1019 0.2959
vn 0.4624 -0.1019 -0.8808
vn 0.6018 -0.2890 -0.7445
vn 0.6783 -0.4696 -0.5651
vn 0.0089 -0.9951 -0.0981
vn -0.0981 -0.9951 -0.0089
vn -0.2899 -0.9565 0.0307
vn 0.0826 -0.9566 -0.2796
vn -0.4518 -0.8810 0.1407
vn 0.2199 -0.8810 -0.4189
vn -0.5588 -0.7715 0.3041
vn 0.3999 -0.7715 -0.4948
vn -0.5950 -0.6326 0.4958
vn 0.5950 -0.6326 -0.4958
vn -0.5550 -0.4696 0.6866
vn -0.7355 -0.2890 0.6128
vn -0.8738 -0.1019 0.4755
vn 0.6253 -0.1019 -0.7737
vn 0.7355 -0.2890 -0.6128
vn 0.7755 -0.4696 -0.4220
vn 0.0279 -0.9951 -0.0945
vn -0.0979 -0.9951 0.0104
vn -0.2784 -0.9565 0.0867
vn 0.1355 -0.9565 -0.2582
vn -0.4156 -0.8810 0.2262
vn 0.2974 -0.8810 -0.3680
vn -0.4888 -0.7715 0.4073
vn 0.4888 -0.7715 -0.4073
vn -0.4869 -0.6326 0.6023
vn 0.6803 -0.6326 -0.3702
vn -0.4104 -0.4696 0.7817
vn -0.6018 -0.2890 0.7445
vn -0.7643 -0.1019 0.6368
vn 0.7643 -0.1019 -0.6368
vn 0.8409 -0.2890 -0.4576
vn 0.8429 -0.4696 -0.2626
vn 0.0458 -0.9951 -0.0872
vn -0.0940 -0.9951 0.0293
vn -0.2561 -0.9565 0.1394
vn 0.1833 -0.9565 -0.2268
vn -0.3635 -0.8810 0.3029
vn 0.3635 -0.8810 -0.3029
vn -0.3999 -0.7715 0.4948
vn 0.5588 -0.7715 -0.3041
vn -0.3600 -0.6326 0.6858
vn 0.7395 -0.6326 -0.2303
vn -0.2500 -0.4696 0.8467
vn -0.4450 -0.2890 0.8476
vn -0.6253 -0.1019 0.7737
vn 0.8738 -0.1019 -0.4755
vn 0.9140 -0.2890 -0.2847
vn 0.8779 -0.4696 -0.0931
vn 0.0619 -0.9951 -0.0766
vn -0.0865 -0.9951 0.0471
vn -0.2240 -0.9566 0.1866
vn 0.2240 -0.9566 -0.1866
vn -0.2974 -0.8810 0.3680
vn 0.4156 -0.8810 -0.2262
vn -0.2957 -0.7715 0.5633
vn 0.6074 -0.7715 -0.1892
vn -0.2193 -0.6326 0.7428
vn 0.7702 -0.6326 -0.0817
vn -0.0800 -0.4696 0.8792
vn -0.2711 -0.2890 0.9182
vn -0.4624 -0.1019 0.8808
vn 0.9498 -0.1019 -0.2959
vn 0.9520 -0.2890 -0.1009
vn 0.8792 -0.4696 0.0800
vn 0.0757 -0.9951 -0.0631
vn -0.0757 -0.9951 0.0630
vn -0.1833 -0.9566 0.2267
vn 0.2561 -0.9565 -0.1394
vn -0.2199 -0.8810 0.4189
vn 0.4518 -0.8810 -0.1407
vn -0.1801 -0.7715 0.6102
vn 0.6327 -0.7715 -0.0671
vn -0.0702 -0.6326 0.7713
vn 0.7713 -0.6326 0.0702
vn 0.0931 -0.4696 0.8779
vn -0.0867 -0.2890 0.9534
vn -0.2817 -0.1019 0.9541
vn 0.9893 -0.1019 -0.1049
vn 0.9534 -0.2890 0.0867
vn 0.8467 -0.4696 0.2500
vn 0.0865 -0.9951 -0.0471
vn -0.0619 -0.9951 0.0766
vn -0.1355 -0.9566 0.2582
vn 0.2784 -0.9565 -0.0867
vn -0.1340 -0.8810 0.4538
vn 0.4705 -0.8810 -0.0499
vn -0.0576 -0.7715 0.6336
vn 0.6336 -0.7715 0.0576
vn 0.0817 -0.6326 0.7702
vn 0.7428 -0.6326 0.2193
vn 0.2626 -0.4696 0.8429
vn 0.1009 -0.2890 0.9520
vn -0.0901 -0.1019 0.9907
vn 0.9907 -0.1019 0.0901
vn 0.9181 -0.2890 0.2711
vn 0.7817 -0.4696 0.4104
vn 0.0940 -0.9951 -0.0293
vn -0.0458 -0.9951 0.0872
vn -0.0826 -0.9566 0.2796
vn 0.2899 -0.9565 -0.0307
vn -0.0429 -0.8810 0.4712
vn 0.4712 -0.8810 0.0429
vn 0.0671 -0.7715 0.6327
vn 0.6102 -0.7715 0.1801
vn 0.2303 -0.6326 0.7395
vn 0.6858 -0.6326 0.3600
vn 0.4220 -0.4696 0.7755
vn 0.2847 -0.2890 0.9140
vn 0.1049 -0.1019 0.9893
vn 0.9541 -0.1019 0.2817
vn 0.8476 -0.2890 0.4450
vn 0.6866 -0.4696 0.5550
vn 0.0979 -0.9951 -0.0104
vn -0.0279 -0.9951 0.0944
vn -0.0264 -0.9565 0.2904
vn 0.2904 -0.9566 0.0264
vn 0.0499 -0.8810 0.4705
vn 0.4538 -0.8810 0.1340
vn 0.1892 -0.7715 0.6074
vn 0.5633 -0.7715 0.2957
vn 0.3702 -0.6326 0.6803
vn 0.6023 -0.6326 0.4869
vn 0.5651 -0.4696 0.6783
vn 0.4576 -0.2890 0.8409
vn 0.2959 -0.1019 0.9498
vn 0.8808 -0.1019 0.4624
vn 0.7445 -0.2890 0.6018
vn 0.0981 -0.9951 0.0089
vn -0.0089 -0.9951 0.0981
vn 0.0307 -0.9566 0.2899
vn 0.2796 -0.9566 0.0825
vn 0.1407 -0.8810 0.4518
vn 0.4189 -0.8810 0.2199
vn 0.3041 -0.7715 0.5588
vn 0.4948 -0.7715 0.3999
vn 0.4958 -0.6326 0.5950
vn 0.6128 -0.2890 0.7355
vn 0.4755 -0.1019 0.8738
vn 0.7737 -0.1019 0.6254
vn 0.0945 -0.9951 0.0279
vn 0.0104 -0.9951 0.0979
vn 0.0867 -0.9566 0.2784
vn 0.2582 -0.9566 0.1355
vn 0.2262 -0.8810 0.4156
vn 0.3680 -0.8810 0.2974
vn 0.4073 -0.7715 0.4888
vn 0.6368 -0.1019 0.7643
vn 0.0872 -0.9951 0.0458
vn 0.0293 -0.9951 0.0940
vn 0.1394 -0.9565 0.2561
vn 0.2268 -0.9565 0.1833
vn 0.3029 -0.8810 0.3635
vn 0.0766 -0.9951 0.0619
vn 0.0471 -0.9951 0.0865
vn 0.1866 -0.9566 0.2240
vn 0.0630 -0.9951 0.0757
vn -0.2974 0.0001 -0.9548
vn -0.1054 0.0001 -0.9944
vn 0.6418 0.0002 0.7669
vn 0.4780 0.0003 0.8784
vn 0.2974 0.0003 0.9548
vn 0.1011 0.0001 0.9949
vn -0.0885 -0.0001 0.9961
vn -0.2831 0.0001 0.9591
vn -0.4648 0.0001 0.8854
vn -0.6286 0.0001 0.7777
vn -0.8784 0.0001 0.4779
vn -0.9548 0.0001 0.2974
vn -0.9543 0.0994 -0.2817
vn 0.2959 0.0994 0.9500
vn 0.1049 0.0994 0.9895
vn -0.0902 0.0994 0.9910
vn -0.2817 0.0994 0.9543
vn -0.4625 0.0994 0.8810
vn -0.7645 0.0994 0.6370
vn -0.8740 0.0994 0.4756
vn -0.9500 0.0994 0.2959
vn 0.9181 0.2890 0.2711
vn -0.2711 0.2890 0.9181
vn -0.6255 0.0994 0.7739
vn 0.5652 0.4696 0.6783
vn -0.7702 0.6326 0.0816
vn 0.4869 0.6326 -0.6024
vn 0.1802 0.7715 -0.6102
vn 0.5588 0.7715 -0.3041
vn 0.6336 0.7715 0.0576
vn -0.4869 0.6326 0.6023
vn 0.2199 0.8810 -0.4190
vn 0.4156 0.8810 -0.2261
vn 0.4189 0.8810 0.2200
vn -0.1866 0.9566 -0.2240
vn -0.0307 0.9565 -0.2900
vn 0.0264 0.9565 -0.2904
vn 0.0826 0.9566 -0.2796
vn 0.1355 0.9565 -0.2582
vn 0.1833 0.9566 -0.2267
vn 0.2796 0.9565 0.0826
vn 0.2582 0.9566 0.1355
vn 0.0307 0.9565 0.2899
vn -0.2240 0.9565 0.1866
vn -0.0981 0.9951 -0.0090
vn 0.0757 0.9951 -0.0631
vn 0.0865 0.9951 -0.0470
vn -0.0279 0.9951 0.0945
vn -0.6024 -0.6326 -0.4869
vn -0.7737 -0.1019 -0.6254
vn -0.2959 -0.1019 -0.9498
vn -0.1394 -0.9565 -0.2561
vn -0.1049 -0.1019 -0.9893
vn -0.2904 -0.9565 -0.0264
vn 0.1355 -0.9566 -0.2582
vn 0.1833 -0.9566 -0.2268
vn 0.2240 -0.9565 -0.1867
vn 0.4156 -0.8810 -0.2261
vn -0.2711 -0.2890 0.9181
vn -0.1833 -0.9565 0.2268
vn 0.2561 -0.9566 -0.1393
vn 0.2784 -0.9566 -0.0867
vn -0.0880 -0.0997 0.9911
vn 0.2899 -0.9565 -0.0308
vn 0.1006 -0.1019 0.9897
vn 0.2957 -0.1062 0.9494
vn 0.2796 -0.9565 0.0826
vn -0.1667 0.0004 0.9860
vn 0.5794 0.0024 0.8151
vn 0.9857 0.0024 0.1683
vn 0.8160 0.0004 -0.5780
vn 0.1666 0.0004 -0.9860
vn -0.5794 0.0027 -0.8150
vn -0.9857 0.0027 -0.1684
vn -0.8160 0.0004 0.5780
vn -0.1701 0.0781 0.9823
vn 0.5647 0.1935 0.8023
vn 0.9679 0.1935 0.1606
vn 0.8112 0.0781 -0.5795
vn 0.1687 -0.0716 -0.9831
vn -0.5726 -0.1487 -0.8062
vn -0.9748 -0.1487 -0.1661
vn -0.8125 -0.0716 0.5786
vn -0.2161 0.2159 0.9522
vn 0.4523 0.5142 0.7287
vn 0.8528 0.5142 0.0913
vn 0.7641 0.2159 -0.6079
vn 0.2161 -0.2159 -0.9522
vn -0.4523 -0.5143 -0.7287
vn -0.8528 -0.5142 -0.0913
vn -0.7641 -0.2159 0.6079
vn -0.3067 0.3231 0.8953
vn 0.2366 0.7695 0.5932
vn 0.6371 0.7695 -0.0443
vn 0.6735 0.3231 -0.6648
vn 0.3067 -0.3231 -0.8953
vn -0.2366 -0.7695 -0.5932
vn -0.6371 -0.7695 0.0442
vn -0.6735 -0.3231 0.6648
vn -0.4238 0.3784 0.8229
vn -0.0360 0.9045 0.4249
vn 0.3672 0.9045 -0.2168
vn 0.5575 0.3784 -0.7389
vn 0.4293 -0.3800 -0.8194
vn 0.0734 -0.9134 -0.4003
vn -0.3288 -0.9134 0.2398
vn -0.5519 -0.3800 0.7423
vn -0.5310 0.3839 0.7554
vn -0.2183 0.9244 0.3128
vn 0.2206 0.9243 -0.3114
vn 0.5320 0.3837 -0.7548
vn 0.5315 -0.3839 -0.7551
vn 0.2188 -0.9244 -0.3125
vn -0.2211 -0.9243 0.3110
vn -0.5325 -0.3837 0.7545
vn -0.5561 0.3787 0.7398
vn -0.3639 0.9053 0.2189
vn 0.0393 0.9053 -0.4229
vn 0.4252 0.3787 -0.8221
vn 0.5505 -0.3803 -0.7432
vn 0.3251 -0.9142 -0.2421
vn -0.0770 -0.9141 0.3980
vn -0.4307 -0.3803 0.8184
vn -0.6727 0.3238 0.6653
vn -0.6351 0.7711 0.0455
vn -0.2346 0.7711 -0.5919
vn 0.3075 0.3238 -0.8948
vn 0.6727 -0.3239 -0.6653
vn 0.6350 -0.7712 -0.0455
vn 0.2345 -0.7712 0.5918
vn -0.3075 -0.3238 0.8948
vn -0.7639 0.2164 0.6080
vn -0.8522 0.5153 -0.0909
vn -0.4517 0.5153 -0.7283
vn 0.2163 0.2164 -0.9520
vn 0.7639 -0.2164 -0.6080
vn 0.8522 -0.5152 0.0910
vn 0.4518 -0.5152 0.7283
vn -0.2163 -0.2164 0.9521
vn -0.8112 0.0782 0.5795
vn -0.9678 0.1938 -0.1606
vn -0.5646 0.1938 -0.8023
vn 0.1701 0.0782 -0.9823
vn 0.8125 -0.0716 -0.5786
vn 0.9749 -0.1486 0.1661
vn 0.5727 -0.1486 0.8062
vn -0.1687 -0.0716 0.9831
vn -0.8160 0.0001 0.5780
vn -0.9857 0.0006 -0.1683
vn -0.5794 0.0006 -0.8151
vn 0.1666 0.0001 -0.9860
vn 0.8160 0.0001 -0.5780
vn 0.9857 0.0007 0.1683
vn 0.5794 0.0007 0.8150
vn -0.1666 0.0001 0.9860
vn -0.4744 0.0004 0.8803
vn 0.2871 0.0024 0.9579
vn 0.8796 0.0024 0.4758
vn 0.9584 0.0004 -0.2855
vn 0.4743 0.0004 -0.8804
vn -0.2871 0.0027 -0.9579
vn -0.8795 0.0027 -0.4759
vn -0.9584 0.0004 0.2854
vn -0.4764 0.0781 0.8757
vn 0.2772 0.1935 0.9411
vn 0.8651 0.1935 0.4628
vn 0.9543 0.0781 -0.2885
vn 0.4753 -0.0716 -0.8769
vn -0.2835 -0.1487 -0.9474
vn -0.8699 -0.1487 -0.4702
vn -0.9552 -0.0716 0.2872
vn -0.5103 0.2159 0.8325
vn 0.1945 0.5142 0.8354
vn 0.7784 0.5142 0.3602
vn 0.9188 0.2159 -0.3304
vn 0.5103 -0.2159 -0.8324
vn -0.1944 -0.5142 -0.8353
vn -0.7783 -0.5142 -0.3602
vn -0.9188 -0.2159 0.3304
vn -0.5778 0.3231 0.7495
vn 0.0336 0.7695 0.6377
vn 0.6176 0.7695 0.1626
vn 0.8513 0.3231 -0.4134
vn 0.5778 -0.3231 -0.7495
vn -0.0337 -0.7695 -0.6378
vn -0.6176 -0.7695 -0.1627
vn -0.8513 -0.3231 0.4134
vn -0.6655 0.3784 0.6433
vn -0.1705 0.9045 0.3909
vn 0.4174 0.9045 -0.0875
vn 0.7652 0.3784 -0.5209
vn 0.6696 -0.3800 -0.6382
vn 0.1980 -0.9134 -0.3556
vn -0.3884 -0.9134 0.1216
vn -0.7610 -0.3800 0.5258
vn -0.7218 0.3843 0.5757
vn -0.2972 0.9245 0.2385
vn 0.2989 0.9245 -0.2364
vn 0.7225 0.3842 -0.5748
vn 0.7218 -0.3843 -0.5756
vn 0.2973 -0.9245 -0.2384
vn -0.2990 -0.9245 0.2364
vn -0.7226 -0.3842 0.5747
vn -0.7642 0.3787 0.5221
vn -0.4149 0.9053 0.0904
vn 0.1729 0.9053 -0.3879
vn 0.6666 0.3787 -0.6421
vn 0.7599 -0.3803 -0.5272
vn 0.3856 -0.9142 -0.1249
vn -0.2007 -0.9141 0.3522
vn -0.6706 -0.3803 0.6369
vn -0.8507 0.3238 0.4141
vn -0.6160 0.7711 -0.1608
vn -0.0322 0.7711 -0.6359
vn 0.5784 0.3238 -0.7487
vn 0.8507 -0.3238 -0.4141
vn 0.6160 -0.7712 0.1607
vn 0.0321 -0.7712 0.6358
vn -0.5784 -0.3238 0.7487
vn -0.9186 0.2164 0.3306
vn -0.7779 0.5153 -0.3597
vn -0.1940 0.5153 -0.8348
vn 0.5105 0.2164 -0.8322
vn 0.9186 -0.2164 -0.3306
vn 0.7779 -0.5152 0.3598
vn 0.1941 -0.5152 0.8348
vn -0.5105 -0.2164 0.8322
vn -0.9543 0.0782 0.2885
vn -0.8651 0.1938 -0.4627
vn -0.2772 0.1938 -0.9411
vn 0.4764 0.0782 -0.8757
vn 0.9552 -0.0716 -0.2871
vn 0.8699 -0.1486 0.4703
vn 0.2836 -0.1486 0.9474
vn -0.4753 -0.0716 0.8769
vn -0.9584 0.0001 0.2855
vn -0.8795 0.0006 -0.4758
vn -0.2871 0.0006 -0.9579
vn 0.4743 0.0001 -0.8803
vn 0.9584 0.0001 -0.2854
vn 0.8795 0.0007 0.4758
vn 0.2871 0.0007 0.9579
vn -0.4743 0.0001 0.8803
vn -0.0009 -1.0000 -0.0029
vn 0.6571 0.0000 0.7538
vn -0.8818 0.3883 0.2675
vn -0.2676 0.3876 -0.8821
vn 0.9171 0.3882 0.0903
vn -0.9171 0.3882 0.0903
vn 0.2676 0.3876 -0.8821
vn -0.0904 0.3876 -0.9174
vn 0.8818 0.3883 0.2675
vn -0.9172 0.3881 -0.0903
vn 0.4345 0.3877 -0.8130
vn 0.8127 0.3884 0.4344
vn -0.8820 0.3880 -0.2675
vn 0.5848 0.3877 -0.7125
vn -0.8129 0.3879 -0.4345
vn 0.7125 0.3878 -0.5847
vn -0.7125 0.3878 -0.5847
vn 0.8129 0.3879 -0.4345
vn -0.5848 0.3877 -0.7125
vn 0.8820 0.3880 -0.2675
vn -0.8127 0.3884 0.4344
vn 0.0904 0.3876 -0.9174
vn -0.4345 0.3877 -0.8130
vn 0.9172 0.3881 -0.0903
vn 0.7123 0.3885 0.5846
vn 0.4016 0.8903 -0.2147
vn -0.2148 0.8902 -0.4018
vn 0.3517 0.8906 0.2884
vn -0.3517 0.8906 0.2884
vn 0.4357 0.8904 -0.1322
vn -0.1323 0.8901 -0.4361
vn 0.2965 0.8975 0.3264
vn 0.4530 0.8904 -0.0446
vn -0.0447 0.8901 -0.4535
vn 0.2143 0.8907 0.4009
vn 0.4528 0.8905 0.0446
vn 0.1319 0.8908 0.4349
vn 0.4353 0.8905 0.1321
vn 0.0445 0.8908 0.4523
vn 0.4011 0.8906 0.2144
vn -0.0445 0.8908 0.4523
vn -0.4011 0.8906 0.2144
vn -0.1319 0.8908 0.4349
vn -0.4353 0.8905 0.1321
vn -0.2143 0.8907 0.4009
vn -0.4528 0.8905 0.0446
vn 0.0447 0.8901 -0.4535
vn -0.2965 0.8975 0.3264
vn -0.4530 0.8904 -0.0446
vn 0.1323 0.8901 -0.4361
vn -0.4357 0.8904 -0.1322
vn 0.2148 0.8902 -0.4018
vn -0.4016 0.8903 -0.2147
vn 0.2890 0.8902 -0.3522
vn -0.3521 0.8902 -0.2890
vn 0.3521 0.8902 -0.2890
vn -0.2890 0.8902 -0.3522
vn 0.9569 -0.0011 -0.2903
vn 0.8819 -0.0014 -0.4714
vn 0.7730 -0.0017 -0.6344
vn 0.6344 -0.0019 -0.7730
vn 0.4714 -0.0021 -0.8819
vn 0.2903 -0.0022 -0.9569
vn 0.0980 -0.0023 -0.9952
vn -0.0980 -0.0023 -0.9952
vn -0.2903 -0.0022 -0.9569
vn -0.4714 -0.0021 -0.8819
vn -0.6344 -0.0019 -0.7730
vn -0.7730 -0.0017 -0.6344
vn -0.8819 -0.0014 -0.4714
vn -0.9569 -0.0011 -0.2903
vn -0.9952 -0.0007 -0.0980
vn -0.9952 -0.0004 0.0980
vn -0.9569 -0.0001 0.2903
vn -0.8819 0.0003 0.4714
vn -0.7733 0.0003 0.6340
vn -0.6853 0.0004 0.7282
vn -0.4714 0.0010 0.8819
vn -0.2903 0.0011 0.9569
vn -0.0980 0.0012 0.9952
vn 0.0980 0.0012 0.9952
vn 0.2903 0.0011 0.9569
vn 0.4714 0.0010 0.8819
vn 0.6853 0.0004 0.7282
vn 0.7733 0.0003 0.6340
vn 0.8819 0.0003 0.4714
vn 0.9569 -0.0001 0.2903
vn 0.9952 -0.0007 -0.0980
vn 0.9952 -0.0004 0.0980
vn 0.1660 -0.9553 0.2445
vn 0.2688 -0.8781 0.3959
vn 0.3605 -0.7669 0.5309
vn 0.4376 -0.6270 0.6445
vn 0.4975 -0.4643 0.7327
vn 0.5384 -0.2852 0.7930
vn 0.5969 -0.1515 0.7879
vn 0.5138 -0.1536 0.8441
vn -0.0071 -0.9996 0.0274
vn 0.0281 -0.9996 0.0035
vn -0.0008 -1.0000 0.0019
vn 0.0020 -1.0000 -0.0000
vn -0.0001 -1.0000 0.0001
vn 0.0002 -1.0000 -0.0000
vn 0.0000 -1.0000 -0.0001
vn 0.0000 -1.0000 0.0001
usemtl Material
s off
f 97/1/1 126/2/1 133/3/1 130/4/1 115/5/1 98/6/1 136/7/1 138/8/1 107/9/1
f 1/10/2 3/11/2 4/12/2 2/13/2
f 3/11/3 5/14/3 6/15/3 4/12/3
f 5/14/4 7/16/4 8/17/4 6/15/4
f 7/16/5 9/18/5 10/19/5 8/17/5
f 9/20/6 11/21/6 12/22/6 10/23/6
f 11/21/7 13/24/7 14/25/7 12/22/7
f 13/24/8 15/26/8 16/27/8 14/25/8
f 15/26/9 17/28/9 18/29/9 16/27/9
f 17/28/10 19/30/10 20/31/10 18/29/10
f 19/30/11 21/32/11 22/33/11 20/31/11
f 21/32/12 23/34/12 24/35/12 22/33/12
f 34/36/13 36/37/13 37/38/13 35/39/13
f 36/37/14 38/40/14 39/41/14 37/38/14
f 38/40/15 40/42/15 41/43/15 39/41/15
f 40/42/16 42/44/16 43/45/16 41/43/16
f 42/44/17 44/46/17 45/47/17 43/45/17
f 44/46/18 46/48/18 47/49/18 45/47/18
f 46/48/19 48/50/19 49/51/19 47/49/19
f 48/52/20 50/53/20 51/54/20 49/55/20
f 50/53/21 52/56/21 53/57/21 51/54/21
f 4/58/22 6/59/22 8/60/22 10/61/22 12/62/22 14/63/22 16/64/22 18/65/22 20/66/22 22/67/22 24/68/22 25/69/22 26/70/22 27/71/22 28/72/22 29/73/22 30/74/22 31/75/22 32/76/22 33/77/22 35/78/22 37/79/22 39/80/22 41/81/22 43/82/22 45/83/22 47/84/22 49/85/22 51/86/22 53/87/22 55/88/22 2/89/22
f 52/56/23 54/90/23 55/91/23 53/57/23
f 54/90/24 1/10/24 2/13/24 55/91/24
f 1/92/25 54/93/25 52/94/25 50/95/25 48/96/25 46/97/25 44/98/25 42/99/25 40/100/25 38/101/25 36/102/25 34/103/25 101/104/25 99/105/25 23/106/25 21/107/25 19/108/25 17/109/25 15/110/25 13/111/25 11/112/25 9/113/25 7/114/25 5/115/25 3/116/25
f 98/117/19 115/118/19 67/119/19 88/120/19
f 91/121/26 95/122/26 72/123/26 73/124/26
f 29/73/27 28/72/27 93/125/27 95/126/27
f 89/127/28 90/128/28 74/129/28 75/130/28
f 92/131/29 94/132/29 27/71/29 26/70/29
f 100/133/30 134/134/30 1385/135/30 96/136/30
f 33/77/31 32/76/31 89/137/31 1385/138/31
f 93/139/32 94/140/32 70/141/32 71/142/32
f 92/143/33 1386/144/33 88/145/33 68/146/33 69/147/33
f 94/140/34 92/143/34 69/147/34 70/141/34
f 31/75/35 30/74/35 91/148/35 90/149/35
f 96/136/36 1385/135/36 89/127/36 75/130/36 76/150/36
f 90/128/37 91/121/37 73/124/37 74/129/37
f 32/76/38 31/75/38 90/149/38 89/137/38
f 95/122/39 93/139/39 71/142/39 72/123/39
f 29/73/40 95/126/40 91/148/40 30/74/40
f 102/151/22 103/152/22 137/153/22 135/154/22 104/155/22 105/156/22
f 131/157/1 122/158/1 128/159/1 132/160/1 140/161/1 108/162/1 139/163/1 134/164/1 100/165/1
f 102/166/41 106/167/41 97/168/41 107/169/41 103/170/41
f 103/171/42 107/172/42 138/173/42 137/174/42
f 104/175/43 108/176/43 140/177/43 109/178/43 105/179/43
f 106/180/44 102/181/44 105/182/44 109/183/44 110/184/44
f 26/70/45 25/69/45 1386/185/45 92/131/45
f 110/186/1 109/187/1 140/161/1 132/160/1 129/188/1 123/189/1 124/190/1 125/191/1 119/192/1 118/193/1 120/194/1 116/195/1
f 118/196/46 119/197/46 85/198/46 86/199/46
f 125/200/47 124/201/47 83/202/47 84/203/47
f 119/197/48 125/204/48 84/205/48 85/198/48
f 122/206/7 131/207/7 77/208/7 78/209/7
f 124/201/12 123/210/12 82/211/12 83/202/12
f 130/212/17 133/213/17 65/214/17 66/215/17
f 123/210/11 129/216/11 81/217/11 82/211/11
f 132/218/9 128/219/9 79/220/9 80/221/9
f 128/219/8 122/206/8 78/209/8 79/220/8
f 116/222/49 120/223/49 87/224/49 56/225/49
f 111/226/50 112/227/50 58/228/50 59/229/50
f 129/216/10 132/218/10 80/221/10 81/217/10
f 114/230/13 117/231/13 61/232/13 62/233/13
f 133/213/16 126/234/16 64/235/16 65/214/16
f 112/227/51 113/236/51 57/237/51 58/228/51
f 115/118/18 130/212/18 66/215/18 67/119/18
f 117/231/52 121/238/52 60/239/52 61/232/52
f 121/240/53 111/226/53 59/229/53 60/241/53
f 126/234/15 127/242/15 63/243/15 64/235/15
f 120/223/54 118/196/54 86/199/54 87/224/54
f 127/242/14 114/230/14 62/233/14 63/243/14
f 113/236/55 116/222/55 56/225/55 57/237/55
f 76/244/56 1399/245/56 77/208/56 96/246/56
f 23/34/47 99/247/47 25/248/47 24/35/47
f 126/2/1 97/1/1 106/249/1 110/186/1 116/195/1 113/250/1 112/251/1 111/252/1 121/253/1 117/254/1 114/255/1 127/256/1
f 101/257/57 135/258/57 137/259/57 99/260/57
f 135/261/41 101/262/41 134/263/41 139/264/41
f 141/265/58 142/266/58 143/267/58 144/268/58
f 152/269/59 175/270/59 142/271/59 141/272/59
f 144/268/60 143/267/60 183/273/60 151/274/60
f 151/274/61 183/273/61 184/275/61 150/276/61
f 150/276/62 184/275/62 185/277/62 149/278/62
f 149/278/63 185/277/63 186/279/63 148/280/63
f 148/280/64 186/279/64 187/281/64 147/282/64
f 147/282/65 187/281/65 188/283/65 146/284/65
f 146/284/66 188/283/66 189/285/66 145/286/66
f 145/287/67 189/288/67 190/289/67 168/290/67
f 168/290/68 190/289/68 191/291/68 167/292/68
f 167/292/69 191/291/69 192/293/69 166/294/69
f 166/294/70 192/293/70 193/295/70 165/296/70
f 165/296/71 193/295/71 194/297/71 164/298/71
f 164/298/72 194/297/72 195/299/72 163/300/72
f 163/300/73 195/299/73 196/301/73 162/302/73
f 162/302/74 196/301/74 197/303/74 161/304/74
f 161/305/75 197/306/75 198/307/75 160/308/75
f 160/308/76 198/307/76 199/309/76 169/310/76
f 169/310/77 199/309/77 200/311/77 170/312/77
f 170/312/78 200/311/78 201/313/78 171/314/78
f 171/314/79 201/313/79 202/315/79 172/316/79
f 172/316/80 202/315/80 203/317/80 173/318/80
f 173/318/81 203/317/81 204/319/81 174/320/81
f 174/320/82 204/319/82 182/321/82 159/322/82
f 159/323/83 182/324/83 181/325/83 158/326/83
f 158/326/84 181/325/84 180/327/84 157/328/84
f 157/328/85 180/327/85 179/329/85 156/330/85
f 156/330/86 179/329/86 178/331/86 155/332/86
f 155/332/87 178/331/87 177/333/87 154/334/87
f 154/334/88 177/333/88 176/335/88 153/336/88
f 153/336/89 176/335/89 175/270/89 152/269/89
f 179/329/90 205/337/90 206/338/90 178/331/90
f 178/331/91 206/338/91 207/339/91 177/333/91
f 177/333/92 207/339/92 208/340/92 176/335/92
f 176/335/93 208/340/93 209/341/93 175/270/93
f 175/270/94 209/341/94 210/342/94 142/271/94
f 142/266/95 210/343/95 211/344/95 143/267/95
f 143/267/96 211/344/96 212/345/96 183/273/96
f 183/273/97 212/345/97 213/346/97 184/275/97
f 184/275/98 213/346/98 214/347/98 185/277/98
f 185/277/99 214/347/99 215/348/99 186/279/99
f 186/279/100 215/348/100 216/349/100 187/281/100
f 187/281/101 216/349/101 217/350/101 188/283/101
f 188/283/102 217/350/102 218/351/102 189/285/102
f 189/288/103 218/352/103 219/353/103 190/289/103
f 190/289/104 219/353/104 220/354/104 191/291/104
f 191/291/105 220/354/105 221/355/105 192/293/105
f 192/293/106 221/355/106 222/356/106 193/295/106
f 193/295/107 222/356/107 223/357/107 194/297/107
f 194/297/108 223/357/108 224/358/108 195/299/108
f 195/299/109 224/358/109 225/359/109 196/301/109
f 196/301/110 225/359/110 226/360/110 197/303/110
f 197/306/111 226/361/111 227/362/111 198/307/111
f 198/307/112 227/362/112 228/363/112 199/309/112
f 199/309/113 228/363/113 229/364/113 200/311/113
f 200/311/114 229/364/114 230/365/114 201/313/114
f 201/313/115 230/365/115 231/366/115 202/315/115
f 202/315/116 231/366/116 232/367/116 203/317/116
f 203/317/117 232/367/117 233/368/117 204/319/117
f 182/324/118 234/369/118 235/370/118 181/325/118
f 181/325/119 235/370/119 236/371/119 180/327/119
f 180/327/120 236/371/120 205/337/120 179/329/120
f 205/337/121 237/372/121 238/373/121 206/338/121
f 206/338/122 238/373/122 239/374/122 207/339/122
f 207/339/123 239/374/123 240/375/123 208/340/123
f 208/340/124 240/375/124 241/376/124 209/341/124
f 209/341/125 241/376/125 242/377/125 210/342/125
f 210/343/126 242/378/126 243/379/126 211/344/126
f 211/344/127 243/379/127 244/380/127 212/345/127
f 212/345/128 244/380/128 245/381/128 213/346/128
f 213/346/129 245/381/129 246/382/129 214/347/129
f 214/347/130 246/382/130 247/383/130 215/348/130
f 215/348/131 247/383/131 248/384/131 216/349/131
f 216/349/132 248/384/132 249/385/132 217/350/132
f 217/350/133 249/385/133 250/386/133 218/351/133
f 218/352/134 250/387/134 251/388/134 219/353/134
f 219/353/135 251/388/135 252/389/135 220/354/135
f 220/354/136 252/389/136 253/390/136 221/355/136
f 221/355/137 253/390/137 254/391/137 222/356/137
f 222/356/138 254/391/138 255/392/138 223/357/138
f 223/357/139 255/392/139 256/393/139 224/358/139
f 224/358/140 256/393/140 257/394/140 225/359/140
f 225/359/141 257/394/141 258/395/141 226/360/141
f 226/361/142 258/396/142 259/397/142 227/362/142
f 227/362/143 259/397/143 260/398/143 228/363/143
f 228/363/144 260/398/144 261/399/144 229/364/144
f 229/364/145 261/399/145 262/400/145 230/365/145
f 230/365/146 262/400/146 263/401/146 231/366/146
f 231/366/147 263/401/147 264/402/147 232/367/147
f 232/367/148 264/402/148 265/403/148 233/368/148
f 204/319/149 233/368/149 234/404/149 182/321/149
f 234/369/150 266/405/150 267/406/150 235/370/150
f 235/370/151 267/406/151 268/407/151 236/371/151
f 236/371/152 268/407/152 237/372/152 205/337/152
f 237/372/153 269/408/153 270/409/153 238/373/153
f 238/373/154 270/409/154 271/410/154 239/374/154
f 239/374/155 271/410/155 272/411/155 240/375/155
f 240/375/156 272/411/156 273/412/156 241/376/156
f 241/376/157 273/412/157 274/413/157 242/377/157
f 242/378/158 274/414/158 275/415/158 243/379/158
f 243/379/159 275/415/159 276/416/159 244/380/159
f 244/380/160 276/416/160 277/417/160 245/381/160
f 245/381/161 277/417/161 278/418/161 246/382/161
f 246/382/162 278/418/162 279/419/162 247/383/162
f 247/383/163 279/419/163 280/420/163 248/384/163
f 248/384/164 280/420/164 281/421/164 249/385/164
f 249/385/165 281/421/165 282/422/165 250/386/165
f 250/387/166 282/423/166 283/424/166 251/388/166
f 251/388/167 283/424/167 284/425/167 252/389/167
f 252/389/168 284/425/168 285/426/168 253/390/168
f 253/390/169 285/426/169 286/427/169 254/391/169
f 254/391/170 286/427/170 287/428/170 255/392/170
f 255/392/171 287/428/171 288/429/171 256/393/171
f 256/393/172 288/429/172 289/430/172 257/394/172
f 257/394/173 289/430/173 290/431/173 258/395/173
f 258/396/174 290/432/174 291/433/174 259/397/174
f 259/397/175 291/433/175 292/434/175 260/398/175
f 260/398/176 292/434/176 293/435/176 261/399/176
f 261/399/177 293/435/177 294/436/177 262/400/177
f 262/400/178 294/436/178 295/437/178 263/401/178
f 263/401/179 295/437/179 296/438/179 264/402/179
f 264/402/180 296/438/180 297/439/180 265/403/180
f 233/368/181 265/403/181 266/440/181 234/404/181
f 266/405/182 298/441/182 299/442/182 267/406/182
f 267/406/183 299/442/183 300/443/183 268/407/183
f 268/407/184 300/443/184 269/408/184 237/372/184
f 269/408/185 301/444/185 302/445/185 270/409/185
f 270/409/186 302/445/186 303/446/186 271/410/186
f 271/410/187 303/446/187 304/447/187 272/411/187
f 272/411/188 304/447/188 305/448/188 273/412/188
f 273/412/189 305/448/189 306/449/189 274/413/189
f 274/414/190 306/450/190 307/451/190 275/415/190
f 275/415/191 307/451/191 308/452/191 276/416/191
f 276/416/192 308/452/192 309/453/192 277/417/192
f 277/417/193 309/453/193 310/454/193 278/418/193
f 278/418/194 310/454/194 311/455/194 279/419/194
f 279/419/195 311/455/195 312/456/195 280/420/195
f 280/420/196 312/456/196 313/457/196 281/421/196
f 281/421/197 313/457/197 314/458/197 282/422/197
f 282/423/198 314/459/198 315/460/198 283/424/198
f 283/424/199 315/460/199 316/461/199 284/425/199
f 284/425/200 316/461/200 317/462/200 285/426/200
f 285/426/201 317/462/201 318/463/201 286/427/201
f 286/427/202 318/463/202 319/464/202 287/428/202
f 287/428/203 319/464/203 320/465/203 288/429/203
f 288/429/204 320/465/204 321/466/204 289/430/204
f 289/430/205 321/466/205 322/467/205 290/431/205
f 290/432/206 322/468/206 323/469/206 291/433/206
f 291/433/207 323/469/207 324/470/207 292/434/207
f 292/434/208 324/470/208 325/471/208 293/435/208
f 293/435/209 325/471/209 326/472/209 294/436/209
f 294/436/210 326/472/210 327/473/210 295/437/210
f 295/437/211 327/473/211 328/474/211 296/438/211
f 296/438/212 328/474/212 329/475/212 297/439/212
f 265/403/213 297/439/213 298/476/213 266/440/213
f 298/441/214 330/477/214 331/478/214 299/442/214
f 299/442/215 331/478/215 332/479/215 300/443/215
f 300/443/216 332/479/216 301/444/216 269/408/216
f 301/444/217 333/480/217 334/481/217 302/445/217
f 302/445/218 334/481/218 335/482/218 303/446/218
f 303/446/219 335/482/219 336/483/219 304/447/219
f 304/447/220 336/483/220 337/484/220 305/448/220
f 305/448/221 337/484/221 338/485/221 306/449/221
f 306/450/222 338/486/222 339/487/222 307/451/222
f 307/451/223 339/487/223 340/488/223 308/452/223
f 308/452/224 340/488/224 341/489/224 309/453/224
f 309/453/225 341/489/225 342/490/225 310/454/225
f 310/454/226 342/490/226 343/491/226 311/455/226
f 311/455/227 343/491/227 344/492/227 312/456/227
f 312/456/228 344/492/228 345/493/228 313/457/228
f 313/457/229 345/493/229 346/494/229 314/458/229
f 314/459/230 346/495/230 347/496/230 315/460/230
f 315/460/231 347/496/231 348/497/231 316/461/231
f 316/461/232 348/497/232 349/498/232 317/462/232
f 317/462/233 349/498/233 350/499/233 318/463/233
f 318/463/234 350/499/234 351/500/234 319/464/234
f 319/464/235 351/500/235 352/501/235 320/465/235
f 320/465/236 352/501/236 353/502/236 321/466/236
f 321/466/237 353/502/237 354/503/237 322/467/237
f 322/468/238 354/504/238 355/505/238 323/469/238
f 323/469/239 355/505/239 356/506/239 324/470/239
f 324/470/240 356/506/240 357/507/240 325/471/240
f 325/471/241 357/507/241 358/508/241 326/472/241
f 326/472/242 358/508/242 359/509/242 327/473/242
f 327/473/243 359/509/243 360/510/243 328/474/243
f 328/474/244 360/510/244 361/511/244 329/475/244
f 297/439/245 329/475/245 330/512/245 298/476/245
f 330/477/246 362/513/246 363/514/246 331/478/246
f 331/478/247 363/514/247 364/515/247 332/479/247
f 332/479/248 364/515/248 333/480/248 301/444/248
f 333/480/249 365/516/249 366/517/249 334/481/249
f 334/481/250 366/517/250 367/518/250 335/482/250
f 335/482/251 367/518/251 368/519/251 336/483/251
f 336/483/252 368/519/252 369/520/252 337/484/252
f 337/484/253 369/520/253 370/521/253 338/485/253
f 338/486/254 370/522/254 371/523/254 339/487/254
f 339/487/255 371/523/255 372/524/255 340/488/255
f 340/488/256 372/524/256 373/525/256 341/489/256
f 341/489/257 373/525/257 374/526/257 342/490/257
f 342/490/258 374/526/258 375/527/258 343/491/258
f 343/491/259 375/527/259 376/528/259 344/492/259
f 344/492/260 376/528/260 377/529/260 345/493/260
f 345/493/261 377/529/261 378/530/261 346/494/261
f 346/495/262 378/531/262 379/532/262 347/496/262
f 347/496/263 379/532/263 380/533/263 348/497/263
f 348/497/264 380/533/264 381/534/264 349/498/264
f 349/498/265 381/534/265 382/535/265 350/499/265
f 350/499/266 382/535/266 383/536/266 351/500/266
f 351/500/267 383/536/267 384/537/267 352/501/267
f 352/501/268 384/537/268 385/538/268 353/502/268
f 353/502/269 385/538/269 386/539/269 354/503/269
f 354/504/270 386/540/270 387/541/270 355/505/270
f 355/505/271 387/541/271 388/542/271 356/506/271
f 356/506/272 388/542/272 389/543/272 357/507/272
f 357/507/273 389/543/273 390/544/273 358/508/273
f 358/508/274 390/544/274 391/545/274 359/509/274
f 359/509/275 391/545/275 392/546/275 360/510/275
f 360/510/276 392/546/276 393/547/276 361/511/276
f 329/475/277 361/511/277 362/548/277 330/512/277
f 362/513/278 394/549/278 395/550/278 363/514/278
f 363/514/279 395/550/279 396/551/279 364/515/279
f 364/515/280 396/551/280 365/516/280 333/480/280
f 365/516/281 397/552/281 398/553/281 366/517/281
f 366/517/282 398/553/282 399/554/282 367/518/282
f 367/518/283 399/554/283 400/555/283 368/519/283
f 368/519/284 400/555/284 401/556/284 369/520/284
f 369/520/285 401/556/285 402/557/285 370/521/285
f 370/522/286 402/558/286 403/559/286 371/523/286
f 371/523/287 403/559/287 404/560/287 372/524/287
f 372/524/288 404/560/288 405/561/288 373/525/288
f 373/525/289 405/561/289 406/562/289 374/526/289
f 374/526/290 406/562/290 407/563/290 375/527/290
f 375/527/291 407/563/291 408/564/291 376/528/291
f 376/528/292 408/564/292 409/565/292 377/529/292
f 377/529/293 409/565/293 410/566/293 378/530/293
f 378/531/294 410/567/294 411/568/294 379/532/294
f 379/532/295 411/568/295 412/569/295 380/533/295
f 380/533/296 412/569/296 413/570/296 381/534/296
f 381/534/297 413/570/297 414/571/297 382/535/297
f 382/535/298 414/571/298 415/572/298 383/536/298
f 383/536/299 415/572/299 416/573/299 384/537/299
f 384/537/300 416/573/300 417/574/300 385/538/300
f 385/538/301 417/574/301 418/575/301 386/539/301
f 386/540/302 418/576/302 419/577/302 387/541/302
f 387/541/303 419/577/303 420/578/303 388/542/303
f 388/542/304 420/578/304 421/579/304 389/543/304
f 389/543/305 421/579/305 422/580/305 390/544/305
f 390/544/306 422/580/306 423/581/306 391/545/306
f 391/545/307 423/581/307 424/582/307 392/546/307
f 392/546/308 424/582/308 425/583/308 393/547/308
f 361/511/309 393/547/309 394/584/309 362/548/309
f 394/549/310 426/585/310 427/586/310 395/550/310
f 395/550/311 427/586/311 428/587/311 396/551/311
f 396/551/312 428/587/312 397/552/312 365/516/312
f 397/588/313 429/589/313 398/590/313
f 398/590/314 429/589/314 399/591/314
f 399/591/315 429/589/315 400/592/315
f 400/592/316 429/589/316 401/593/316
f 401/593/317 429/589/317 402/594/317
f 402/594/318 429/589/318 403/595/318
f 403/595/319 429/589/319 404/596/319
f 404/596/320 429/589/320 405/597/320
f 405/597/321 429/589/321 406/598/321
f 406/598/322 429/589/322 407/599/322
f 407/599/323 429/589/323 408/600/323
f 408/600/324 429/589/324 409/601/324
f 409/601/325 429/589/325 410/602/325
f 410/602/326 429/589/326 411/603/326
f 411/603/327 429/589/327 412/604/327
f 412/604/328 429/589/328 413/605/328
f 413/605/329 429/589/329 414/606/329
f 414/606/330 429/589/330 415/607/330
f 415/607/331 429/589/331 416/608/331
f 416/608/332 429/589/332 417/609/332
f 417/609/333 429/589/333 418/610/333
f 418/610/334 429/589/334 419/611/334
f 419/611/335 429/589/335 420/612/335
f 420/612/336 429/589/336 421/613/336
f 421/613/337 429/589/337 422/614/337
f 422/614/338 429/589/338 423/615/338
f 423/615/339 429/589/339 424/616/339
f 424/616/340 429/589/340 425/617/340
f 393/547/341 425/583/341 426/618/341 394/584/341
f 426/619/342 429/589/342 427/620/342
f 427/620/343 429/589/343 428/621/343
f 428/621/344 429/589/344 397/588/344
f 425/617/345 429/589/345 426/619/345
f 430/622/346 431/623/346 432/624/346 433/625/346
f 434/626/347 430/622/347 433/625/347 435/627/347
f 436/628/348 437/629/348 431/630/348 430/631/348
f 431/623/349 438/632/349 439/633/349 432/624/349
f 433/625/350 432/624/350 440/634/350 441/635/350
f 442/636/351 434/626/351 435/627/351 443/637/351
f 444/638/352 436/628/352 430/631/352 434/639/352
f 435/627/353 433/625/353 441/635/353 445/640/353
f 446/641/354 447/642/354 437/629/354 436/628/354
f 437/629/355 448/643/355 438/644/355 431/630/355
f 144/268/356 439/633/356 438/632/356 141/265/356
f 432/624/357 439/633/357 449/645/357 440/634/357
f 441/635/358 440/634/358 450/646/358 451/647/358
f 452/648/359 442/636/359 443/637/359 453/649/359
f 454/650/360 444/638/360 434/639/360 442/651/360
f 443/637/361 435/627/361 445/640/361 455/652/361
f 456/653/362 446/641/362 436/628/362 444/638/362
f 445/640/363 441/635/363 451/647/363 457/654/363
f 458/655/364 459/656/364 447/642/364 446/641/364
f 447/642/365 460/657/365 448/643/365 437/629/365
f 141/272/366 438/644/366 448/643/366 152/269/366
f 151/274/367 449/645/367 439/633/367 144/268/367
f 440/634/368 449/645/368 461/658/368 450/646/368
f 451/647/369 450/646/369 462/659/369 463/660/369
f 464/661/370 452/648/370 453/649/370 465/662/370
f 466/663/371 454/650/371 442/651/371 452/664/371
f 453/649/372 443/637/372 455/652/372 467/665/372
f 468/666/373 456/653/373 444/638/373 454/650/373
f 455/652/374 445/640/374 457/654/374 469/667/374
f 470/668/375 458/655/375 446/641/375 456/653/375
f 457/654/376 451/647/376 463/660/376 471/669/376
f 472/670/377 473/671/377 459/656/377 458/655/377
f 459/656/378 474/672/378 460/657/378 447/642/378
f 152/269/379 448/643/379 460/657/379 153/336/379
f 150/276/380 461/658/380 449/645/380 151/274/380
f 450/646/381 461/658/381 475/673/381 462/659/381
f 463/660/382 462/659/382 476/674/382 477/675/382
f 478/676/383 464/677/383 465/678/383
f 479/679/384 466/663/384 452/664/384 464/680/384
f 465/662/385 453/649/385 467/665/385 480/681/385
f 481/682/386 468/666/386 454/650/386 466/663/386
f 467/665/387 455/652/387 469/667/387 482/683/387
f 483/684/388 470/668/388 456/653/388 468/666/388
f 469/667/389 457/654/389 471/669/389 484/685/389
f 485/686/390 472/670/390 458/655/390 470/668/390
f 471/669/391 463/660/391 477/675/391 486/687/391
f 487/688/392 488/689/392 473/671/392 472/670/392
f 473/671/393 489/690/393 474/672/393 459/656/393
f 153/336/394 460/657/394 474/672/394 154/334/394
f 149/278/395 475/673/395 461/658/395 150/276/395
f 462/659/396 475/673/396 490/691/396 476/674/396
f 477/675/397 476/674/397 491/692/397 492/693/397
f 478/676/398 465/678/398 480/694/398
f 478/676/399 479/695/399 464/677/399
f 493/696/400 481/682/400 466/663/400 479/679/400
f 480/681/401 467/665/401 482/683/401 494/697/401
f 495/698/402 483/684/402 468/666/402 481/682/402
f 482/683/403 469/667/403 484/685/403 496/699/403
f 497/700/404 485/686/404 470/668/404 483/684/404
f 484/685/405 471/669/405 486/687/405 498/701/405
f 499/702/406 487/688/406 472/670/406 485/686/406
f 486/687/407 477/675/407 492/693/407 500/703/407
f 501/704/408 502/705/408 488/689/408 487/688/408
f 488/689/409 503/706/409 489/690/409 473/671/409
f 154/334/410 474/672/410 489/690/410 155/332/410
f 148/280/411 490/691/411 475/673/411 149/278/411
f 476/674/412 490/691/412 504/707/412 491/692/412
f 492/693/413 491/692/413 505/708/413 506/709/413
f 478/676/414 480/694/414 494/710/414
f 478/676/415 493/711/415 479/695/415
f 507/712/416 495/698/416 481/682/416 493/696/416
f 494/697/417 482/683/417 496/699/417 508/713/417
f 509/714/418 497/700/418 483/684/418 495/698/418
f 496/699/419 484/685/419 498/701/419 510/715/419
f 511/716/420 499/702/420 485/686/420 497/700/420
f 498/701/421 486/687/421 500/703/421 512/717/421
f 513/718/422 501/704/422 487/688/422 499/702/422
f 500/703/423 492/693/423 506/709/423 514/719/423
f 515/720/424 516/721/424 502/705/424 501/704/424
f 502/705/425 517/722/425 503/706/425 488/689/425
f 155/332/426 489/690/426 503/706/426 156/330/426
f 147/282/427 504/707/427 490/691/427 148/280/427
f 491/692/428 504/707/428 518/723/428 505/708/428
f 506/709/429 505/708/429 519/724/429 520/725/429
f 478/676/430 494/710/430 508/726/430
f 478/676/431 507/727/431 493/711/431
f 521/728/432 509/714/432 495/698/432 507/712/432
f 508/713/433 496/699/433 510/715/433 522/729/433
f 523/730/434 511/716/434 497/700/434 509/714/434
f 510/715/435 498/701/435 512/717/435 524/731/435
f 525/732/436 513/718/436 499/702/436 511/716/436
f 512/717/437 500/703/437 514/719/437 526/733/437
f 527/734/438 515/720/438 501/704/438 513/718/438
f 514/719/439 506/709/439 520/725/439 528/735/439
f 529/736/440 530/737/440 516/721/440 515/720/440
f 516/721/441 531/738/441 517/722/441 502/705/441
f 156/330/442 503/706/442 517/722/442 157/328/442
f 146/284/443 518/723/443 504/707/443 147/282/443
f 505/708/444 518/723/444 532/739/444 519/724/444
f 520/740/445 519/741/445 533/742/445 534/743/445
f 478/676/446 508/726/446 522/744/446
f 478/676/447 521/745/447 507/727/447
f 535/746/448 523/730/448 509/714/448 521/728/448
f 522/729/449 510/715/449 524/731/449 536/747/449
f 537/748/450 525/732/450 511/716/450 523/730/450
f 524/731/451 512/717/451 526/733/451 538/749/451
f 539/750/452 527/734/452 513/718/452 525/732/452
f 526/733/453 514/719/453 528/735/453 540/751/453
f 541/752/454 529/736/454 515/720/454 527/734/454
f 528/753/455 520/740/455 534/743/455 542/754/455
f 543/755/456 544/756/456 530/757/456 529/758/456
f 530/737/457 545/759/457 531/738/457 516/721/457
f 157/328/458 517/722/458 531/738/458 158/326/458
f 145/286/459 532/739/459 518/723/459 146/284/459
f 519/741/460 532/760/460 546/761/460 533/742/460
f 534/743/461 533/742/461 547/762/461 548/763/461
f 478/676/462 522/744/462 536/764/462
f 478/676/463 535/765/463 521/745/463
f 549/766/464 537/748/464 523/730/464 535/746/464
f 536/747/465 524/731/465 538/749/465 550/767/465
f 551/768/466 539/750/466 525/732/466 537/748/466
f 538/749/467 526/733/467 540/751/467 552/769/467
f 553/770/468 541/752/468 527/734/468 539/750/468
f 540/771/469 528/753/469 542/754/469 554/772/469
f 555/773/470 543/755/470 529/758/470 541/774/470
f 542/754/471 534/743/471 548/763/471 556/775/471
f 557/776/472 558/777/472 544/756/472 543/755/472
f 544/756/473 559/778/473 545/779/473 530/757/473
f 158/326/474 531/738/474 545/759/474 159/323/474
f 168/290/475 546/761/475 532/760/475 145/287/475
f 533/742/476 546/761/476 560/780/476 547/762/476
f 548/763/477 547/762/477 561/781/477 562/782/477
f 478/676/478 536/764/478 550/783/478
f 478/676/479 549/784/479 535/765/479
f 563/785/480 551/768/480 537/748/480 549/766/480
f 550/767/481 538/749/481 552/769/481 564/786/481
f 565/787/482 553/770/482 539/750/482 551/768/482
f 552/788/483 540/771/483 554/772/483 566/789/483
f 567/790/484 555/773/484 541/774/484 553/791/484
f 554/772/485 542/754/485 556/775/485 568/792/485
f 569/793/486 557/776/486 543/755/486 555/773/486
f 556/775/487 548/763/487 562/782/487 570/794/487
f 571/795/488 572/796/488 558/777/488 557/776/488
f 558/777/489 573/797/489 559/778/489 544/756/489
f 159/322/490 545/779/490 559/778/490 174/320/490
f 167/292/491 560/780/491 546/761/491 168/290/491
f 547/762/492 560/780/492 574/798/492 561/781/492
f 562/782/493 561/781/493 575/799/493 576/800/493
f 478/676/494 550/783/494 564/801/494
f 478/676/495 563/802/495 549/784/495
f 577/803/496 565/787/496 551/768/496 563/785/496
f 564/804/497 552/788/497 566/789/497 578/805/497
f 579/806/498 567/790/498 553/791/498 565/807/498
f 566/789/499 554/772/499 568/792/499 580/808/499
f 581/809/500 569/793/500 555/773/500 567/790/500
f 568/792/501 556/775/501 570/794/501 582/810/501
f 583/811/502 571/795/502 557/776/502 569/793/502
f 570/794/503 562/782/503 576/800/503 584/812/503
f 585/813/504 586/814/504 572/796/504 571/795/504
f 572/796/505 587/815/505 573/797/505 558/777/505
f 174/320/506 559/778/506 573/797/506 173/318/506
f 166/294/507 574/798/507 560/780/507 167/292/507
f 561/781/508 574/798/508 588/816/508 575/799/508
f 576/800/509 575/799/509 589/817/509 590/818/509
f 478/676/510 564/801/510 578/819/510
f 478/676/511 577/820/511 563/802/511
f 591/821/512 579/806/512 565/807/512 577/822/512
f 578/805/513 566/789/513 580/808/513 592/823/513
f 593/824/514 581/809/514 567/790/514 579/806/514
f 580/808/515 568/792/515 582/810/515 594/825/515
f 595/826/516 583/811/516 569/793/516 581/809/516
f 582/810/517 570/794/517 584/812/517 596/827/517
f 597/828/518 585/813/518 571/795/518 583/811/518
f 584/812/519 576/800/519 590/818/519 598/829/519
f 599/830/520 600/831/520 586/814/520 585/813/520
f 586/814/521 601/832/521 587/815/521 572/796/521
f 173/318/522 573/797/522 587/815/522 172/316/522
f 165/296/523 588/816/523 574/798/523 166/294/523
f 575/799/524 588/816/524 602/833/524 589/817/524
f 590/818/525 589/817/525 603/834/525 604/835/525
f 478/676/526 578/819/526 592/836/526
f 478/676/527 591/837/527 577/820/527
f 605/838/528 593/824/528 579/806/528 591/821/528
f 592/823/529 580/808/529 594/825/529 606/839/529
f 607/840/530 595/826/530 581/809/530 593/824/530
f 594/825/531 582/810/531 596/827/531 608/841/531
f 609/842/532 597/828/532 583/811/532 595/826/532
f 596/827/533 584/812/533 598/829/533 610/843/533
f 611/844/534 599/830/534 585/813/534 597/828/534
f 598/829/535 590/818/535 604/835/535 612/845/535
f 613/846/536 614/847/536 600/831/536 599/830/536
f 600/831/537 615/848/537 601/832/537 586/814/537
f 172/316/538 587/815/538 601/832/538 171/314/538
f 164/298/539 602/833/539 588/816/539 165/296/539
f 589/817/540 602/833/540 616/849/540 603/834/540
f 604/835/541 603/834/541 617/850/541 618/851/541
f 478/676/542 592/836/542 606/852/542
f 478/676/543 605/853/543 591/837/543
f 619/854/544 607/840/544 593/824/544 605/838/544
f 606/839/545 594/825/545 608/841/545 620/855/545
f 621/856/546 609/842/546 595/826/546 607/840/546
f 608/841/547 596/827/547 610/843/547 622/857/547
f 623/858/548 611/844/548 597/828/548 609/842/548
f 610/843/549 598/829/549 612/845/549 624/859/549
f 625/860/550 613/846/550 599/830/550 611/844/550
f 612/845/551 604/835/551 618/851/551 626/861/551
f 627/862/552 628/863/552 614/847/552 613/846/552
f 614/847/553 629/864/553 615/848/553 600/831/553
f 171/314/554 601/832/554 615/848/554 170/312/554
f 163/300/555 616/849/555 602/833/555 164/298/555
f 603/834/556 616/849/556 630/865/556 617/850/556
f 618/851/557 617/850/557 631/866/557 632/867/557
f 478/676/558 606/852/558 620/868/558
f 478/676/559 619/869/559 605/853/559
f 633/870/560 621/856/560 607/840/560 619/854/560
f 620/855/561 608/841/561 622/857/561 634/871/561
f 635/872/562 623/858/562 609/842/562 621/856/562
f 622/857/563 610/843/563 624/859/563 636/873/563
f 637/874/564 625/860/564 611/844/564 623/858/564
f 624/859/565 612/845/565 626/861/565 638/875/565
f 639/876/566 627/862/566 613/846/566 625/860/566
f 626/861/567 618/851/567 632/867/567 640/877/567
f 632/878/568 631/879/568 628/863/568 627/862/568
f 628/863/569 641/880/569 629/864/569 614/847/569
f 170/312/570 615/848/570 629/864/570 169/310/570
f 162/302/571 630/865/571 616/849/571 163/300/571
f 617/850/572 630/865/572 642/881/572 631/866/572
f 478/676/573 620/868/573 634/882/573
f 478/676/574 633/883/574 619/869/574
f 643/884/575 635/872/575 621/856/575 633/870/575
f 634/871/576 622/857/576 636/873/576 644/885/576
f 645/886/577 637/874/577 623/858/577 635/872/577
f 636/873/578 624/859/578 638/875/578 646/887/578
f 647/888/579 639/876/579 625/860/579 637/874/579
f 638/875/580 626/861/580 640/877/580 648/889/580
f 640/890/581 632/878/581 627/862/581 639/876/581
f 631/879/582 642/891/582 641/880/582 628/863/582
f 169/310/583 629/864/583 641/880/583 160/308/583
f 161/304/584 642/881/584 630/865/584 162/302/584
f 478/676/585 634/882/585 644/892/585
f 478/676/586 643/893/586 633/883/586
f 649/894/587 645/886/587 635/872/587 643/884/587
f 644/885/588 636/873/588 646/887/588 650/895/588
f 651/896/589 647/888/589 637/874/589 645/886/589
f 646/887/590 638/875/590 648/889/590 652/897/590
f 648/898/591 640/890/591 639/876/591 647/888/591
f 160/308/592 641/880/592 642/891/592 161/305/592
f 478/676/593 644/892/593 650/899/593
f 478/676/594 649/900/594 643/893/594
f 653/901/595 651/896/595 645/886/595 649/894/595
f 650/895/596 646/887/596 652/897/596 654/902/596
f 652/903/597 648/898/597 647/888/597 651/896/597
f 478/676/598 650/899/598 654/904/598
f 478/676/599 653/905/599 649/900/599
f 654/906/600 652/903/600 651/896/600 653/901/600
f 478/676/601 654/904/601 653/905/601
f 655/907/58 656/908/58 657/909/58 658/910/58
f 666/911/59 689/912/59 656/913/59 655/914/59
f 658/910/60 657/909/60 697/915/60 665/916/60
f 665/916/602 697/915/602 698/917/602 664/918/602
f 664/918/603 698/917/603 699/919/603 663/920/603
f 663/920/63 699/919/63 700/921/63 662/922/63
f 662/922/64 700/921/64 701/923/64 661/924/64
f 661/924/65 701/923/65 702/925/65 660/926/65
f 660/926/66 702/925/66 703/927/66 659/928/66
f 659/929/67 703/930/67 704/931/67 681/932/67
f 681/932/68 704/931/68 705/933/68 680/934/68
f 680/934/69 705/933/69 706/935/69 679/936/69
f 679/936/70 706/935/70 707/937/70 678/938/70
f 678/938/71 707/937/71 708/939/71 677/940/71
f 677/940/72 708/939/72 709/941/72 676/942/72
f 676/942/73 709/941/73 710/943/73 675/944/73
f 675/944/74 710/943/74 711/945/74 674/946/74
f 674/947/604 711/948/604 712/949/604 682/950/604
f 682/950/605 712/949/605 713/951/605 683/952/605
f 683/952/606 713/951/606 714/953/606 684/954/606
f 684/954/607 714/953/607 715/955/607 685/956/607
f 685/956/608 715/955/608 716/957/608 686/958/608
f 686/958/609 716/957/609 717/959/609 687/960/609
f 687/960/610 717/959/610 718/961/610 688/962/610
f 688/962/611 718/961/611 696/963/611 673/964/611
f 673/965/83 696/966/83 695/967/83 672/968/83
f 672/968/612 695/967/612 694/969/612 671/970/612
f 671/970/613 694/969/613 693/971/613 670/972/613
f 670/972/86 693/971/86 692/973/86 669/974/86
f 669/974/87 692/973/87 691/975/87 668/976/87
f 668/976/88 691/975/88 690/977/88 667/978/88
f 667/978/89 690/977/89 689/912/89 666/911/89
f 693/971/90 719/979/90 720/980/90 692/973/90
f 692/973/91 720/980/91 721/981/91 691/975/91
f 691/975/614 721/981/614 722/982/614 690/977/614
f 690/977/93 722/982/93 723/983/93 689/912/93
f 689/912/94 723/983/94 724/984/94 656/913/94
f 656/908/95 724/985/95 725/986/95 657/909/95
f 657/909/96 725/986/96 726/987/96 697/915/96
f 697/915/97 726/987/97 727/988/97 698/917/97
f 698/917/98 727/988/98 728/989/98 699/919/98
f 699/919/99 728/989/99 729/990/99 700/921/99
f 700/921/100 729/990/100 730/991/100 701/923/100
f 701/923/101 730/991/101 731/992/101 702/925/101
f 702/925/102 731/992/102 732/993/102 703/927/102
f 703/930/103 732/994/103 733/995/103 704/931/103
f 704/931/104 733/995/104 734/996/104 705/933/104
f 705/933/105 734/996/105 735/997/105 706/935/105
f 706/935/106 735/997/106 736/998/106 707/937/106
f 707/937/107 736/998/107 737/999/107 708/939/107
f 708/939/108 737/999/108 738/1000/108 709/941/108
f 709/941/109 738/1000/109 739/1001/109 710/943/109
f 710/943/110 739/1001/110 740/1002/110 711/945/110
f 711/948/111 740/1003/111 741/1004/111 712/949/111
f 712/949/112 741/1004/112 742/1005/112 713/951/112
f 713/951/615 742/1005/615 743/1006/615 714/953/615
f 714/953/616 743/1006/616 744/1007/616 715/955/616
f 715/955/617 744/1007/617 745/1008/617 716/957/617
f 716/957/618 745/1008/618 746/1009/618 717/959/618
f 717/959/619 746/1009/619 747/1010/619 718/961/619
f 696/966/620 748/1011/620 749/1012/620 695/967/620
f 695/967/621 749/1012/621 750/1013/621 694/969/621
f 694/969/622 750/1013/622 719/979/622 693/971/622
f 719/979/121 751/1014/121 752/1015/121 720/980/121
f 720/980/122 752/1015/122 753/1016/122 721/981/122
f 721/981/123 753/1016/123 754/1017/123 722/982/123
f 722/982/124 754/1017/124 755/1018/124 723/983/124
f 723/983/125 755/1018/125 756/1019/125 724/984/125
f 724/985/126 756/1020/126 757/1021/126 725/986/126
f 725/986/127 757/1021/127 758/1022/127 726/987/127
f 726/987/128 758/1022/128 759/1023/128 727/988/128
f 727/988/129 759/1023/129 760/1024/129 728/989/129
f 728/989/130 760/1024/130 761/1025/130 729/990/130
f 729/990/131 761/1025/131 762/1026/131 730/991/131
f 730/991/132 762/1026/132 763/1027/132 731/992/132
f 731/992/133 763/1027/133 764/1028/133 732/993/133
f 732/994/134 764/1029/134 765/1030/134 733/995/134
f 733/995/135 765/1030/135 766/1031/135 734/996/135
f 734/996/136 766/1031/136 767/1032/136 735/997/136
f 735/997/137 767/1032/137 768/1033/137 736/998/137
f 736/998/138 768/1033/138 769/1034/138 737/999/138
f 737/999/623 769/1034/623 770/1035/623 738/1000/623
f 738/1000/140 770/1035/140 771/1036/140 739/1001/140
f 739/1001/141 771/1036/141 772/1037/141 740/1002/141
f 740/1003/142 772/1038/142 773/1039/142 741/1004/142
f 741/1004/143 773/1039/143 774/1040/143 742/1005/143
f 742/1005/144 774/1040/144 775/1041/144 743/1006/144
f 743/1006/145 775/1041/145 776/1042/145 744/1007/145
f 744/1007/146 776/1042/146 777/1043/146 745/1008/146
f 745/1008/624 777/1043/624 778/1044/624 746/1009/624
f 746/1009/148 778/1044/148 779/1045/148 747/1010/148
f 718/961/625 747/1010/625 748/1046/625 696/963/625
f 748/1011/150 780/1047/150 781/1048/150 749/1012/150
f 749/1012/151 781/1048/151 782/1049/151 750/1013/151
f 750/1013/152 782/1049/152 751/1014/152 719/979/152
f 751/1014/153 783/1050/153 784/1051/153 752/1015/153
f 752/1015/154 784/1051/154 785/1052/154 753/1016/154
f 753/1016/155 785/1052/155 786/1053/155 754/1017/155
f 754/1017/156 786/1053/156 787/1054/156 755/1018/156
f 755/1018/157 787/1054/157 788/1055/157 756/1019/157
f 756/1020/158 788/1056/158 789/1057/158 757/1021/158
f 757/1021/159 789/1057/159 790/1058/159 758/1022/159
f 758/1022/160 790/1058/160 791/1059/160 759/1023/160
f 759/1023/161 791/1059/161 792/1060/161 760/1024/161
f 760/1024/162 792/1060/162 793/1061/162 761/1025/162
f 761/1025/163 793/1061/163 794/1062/163 762/1026/163
f 762/1026/164 794/1062/164 795/1063/164 763/1027/164
f 763/1027/165 795/1063/165 796/1064/165 764/1028/165
f 764/1029/166 796/1065/166 797/1066/166 765/1030/166
f 765/1030/167 797/1066/167 798/1067/167 766/1031/167
f 766/1031/168 798/1067/168 799/1068/168 767/1032/168
f 767/1032/169 799/1068/169 800/1069/169 768/1033/169
f 768/1033/170 800/1069/170 801/1070/170 769/1034/170
f 769/1034/171 801/1070/171 802/1071/171 770/1035/171
f 770/1035/172 802/1071/172 803/1072/172 771/1036/172
f 771/1036/173 803/1072/173 804/1073/173 772/1037/173
f 772/1038/626 804/1074/626 805/1075/626 773/1039/626
f 773/1039/175 805/1075/175 806/1076/175 774/1040/175
f 774/1040/176 806/1076/176 807/1077/176 775/1041/176
f 775/1041/177 807/1077/177 808/1078/177 776/1042/177
f 776/1042/178 808/1078/178 809/1079/178 777/1043/178
f 777/1043/179 809/1079/179 810/1080/179 778/1044/179
f 778/1044/180 810/1080/180 811/1081/180 779/1045/180
f 747/1010/181 779/1045/181 780/1082/181 748/1046/181
f 780/1047/182 812/1083/182 813/1084/182 781/1048/182
f 781/1048/183 813/1084/183 814/1085/183 782/1049/183
f 782/1049/184 814/1085/184 783/1050/184 751/1014/184
f 783/1050/627 815/1086/627 816/1087/627 784/1051/627
f 784/1051/186 816/1087/186 817/1088/186 785/1052/186
f 785/1052/187 817/1088/187 818/1089/187 786/1053/187
f 786/1053/188 818/1089/188 819/1090/188 787/1054/188
f 787/1054/189 819/1090/189 820/1091/189 788/1055/189
f 788/1056/190 820/1092/190 821/1093/190 789/1057/190
f 789/1057/191 821/1093/191 822/1094/191 790/1058/191
f 790/1058/192 822/1094/192 823/1095/192 791/1059/192
f 791/1059/193 823/1095/193 824/1096/193 792/1060/193
f 792/1060/194 824/1096/194 825/1097/194 793/1061/194
f 793/1061/195 825/1097/195 826/1098/195 794/1062/195
f 794/1062/196 826/1098/196 827/1099/196 795/1063/196
f 795/1063/628 827/1099/628 828/1100/628 796/1064/628
f 796/1065/198 828/1101/198 829/1102/198 797/1066/198
f 797/1066/199 829/1102/199 830/1103/199 798/1067/199
f 798/1067/200 830/1103/200 831/1104/200 799/1068/200
f 799/1068/201 831/1104/201 832/1105/201 800/1069/201
f 800/1069/202 832/1105/202 833/1106/202 801/1070/202
f 801/1070/203 833/1106/203 834/1107/203 802/1071/203
f 802/1071/204 834/1107/204 835/1108/204 803/1072/204
f 803/1072/205 835/1108/205 836/1109/205 804/1073/205
f 804/1074/206 836/1110/206 837/1111/206 805/1075/206
f 805/1075/207 837/1111/207 838/1112/207 806/1076/207
f 806/1076/208 838/1112/208 839/1113/208 807/1077/208
f 807/1077/209 839/1113/209 840/1114/209 808/1078/209
f 808/1078/210 840/1114/210 841/1115/210 809/1079/210
f 809/1079/211 841/1115/211 842/1116/211 810/1080/211
f 810/1080/212 842/1116/212 843/1117/212 811/1081/212
f 779/1045/213 811/1081/213 812/1118/213 780/1082/213
f 812/1083/214 844/1119/214 845/1120/214 813/1084/214
f 813/1084/215 845/1120/215 846/1121/215 814/1085/215
f 814/1085/216 846/1121/216 815/1086/216 783/1050/216
f 815/1086/217 847/1122/217 848/1123/217 816/1087/217
f 816/1087/218 848/1123/218 849/1124/218 817/1088/218
f 817/1088/219 849/1124/219 850/1125/219 818/1089/219
f 818/1089/220 850/1125/220 851/1126/220 819/1090/220
f 819/1090/221 851/1126/221 852/1127/221 820/1091/221
f 820/1092/222 852/1128/222 853/1129/222 821/1093/222
f 821/1093/223 853/1129/223 854/1130/223 822/1094/223
f 822/1094/224 854/1130/224 855/1131/224 823/1095/224
f 823/1095/225 855/1131/225 856/1132/225 824/1096/225
f 824/1096/226 856/1132/226 857/1133/226 825/1097/226
f 825/1097/629 857/1133/629 858/1134/629 826/1098/629
f 826/1098/228 858/1134/228 859/1135/228 827/1099/228
f 827/1099/229 859/1135/229 860/1136/229 828/1100/229
f 828/1101/230 860/1137/230 861/1138/230 829/1102/230
f 829/1102/630 861/1138/630 862/1139/630 830/1103/630
f 830/1103/232 862/1139/232 863/1140/232 831/1104/232
f 831/1104/233 863/1140/233 864/1141/233 832/1105/233
f 832/1105/631 864/1141/631 865/1142/631 833/1106/631
f 833/1106/235 865/1142/235 866/1143/235 834/1107/235
f 834/1107/236 866/1143/236 867/1144/236 835/1108/236
f 835/1108/237 867/1144/237 868/1145/237 836/1109/237
f 836/1110/238 868/1146/238 869/1147/238 837/1111/238
f 837/1111/239 869/1147/239 870/1148/239 838/1112/239
f 838/1112/240 870/1148/240 871/1149/240 839/1113/240
f 839/1113/241 871/1149/241 872/1150/241 840/1114/241
f 840/1114/242 872/1150/242 873/1151/242 841/1115/242
f 841/1115/243 873/1151/243 874/1152/243 842/1116/243
f 842/1116/244 874/1152/244 875/1153/244 843/1117/244
f 811/1081/632 843/1117/632 844/1154/632 812/1118/632
f 844/1119/246 876/1155/246 877/1156/246 845/1120/246
f 845/1120/247 877/1156/247 878/1157/247 846/1121/247
f 846/1121/248 878/1157/248 847/1122/248 815/1086/248
f 847/1122/249 879/1158/249 880/1159/249 848/1123/249
f 848/1123/250 880/1159/250 881/1160/250 849/1124/250
f 849/1124/251 881/1160/251 882/1161/251 850/1125/251
f 850/1125/252 882/1161/252 883/1162/252 851/1126/252
f 851/1126/253 883/1162/253 884/1163/253 852/1127/253
f 852/1128/254 884/1164/254 885/1165/254 853/1129/254
f 853/1129/255 885/1165/255 886/1166/255 854/1130/255
f 854/1130/256 886/1166/256 887/1167/256 855/1131/256
f 855/1131/257 887/1167/257 888/1168/257 856/1132/257
f 856/1132/258 888/1168/258 889/1169/258 857/1133/258
f 857/1133/259 889/1169/259 890/1170/259 858/1134/259
f 858/1134/633 890/1170/633 891/1171/633 859/1135/633
f 859/1135/261 891/1171/261 892/1172/261 860/1136/261
f 860/1137/262 892/1173/262 893/1174/262 861/1138/262
f 861/1138/634 893/1174/634 894/1175/634 862/1139/634
f 862/1139/264 894/1175/264 895/1176/264 863/1140/264
f 863/1140/265 895/1176/265 896/1177/265 864/1141/265
f 864/1141/266 896/1177/266 897/1178/266 865/1142/266
f 865/1142/267 897/1178/267 898/1179/267 866/1143/267
f 866/1143/635 898/1179/635 899/1180/635 867/1144/635
f 867/1144/269 899/1180/269 900/1181/269 868/1145/269
f 868/1146/270 900/1182/270 901/1183/270 869/1147/270
f 869/1147/271 901/1183/271 902/1184/271 870/1148/271
f 870/1148/272 902/1184/272 903/1185/272 871/1149/272
f 871/1149/273 903/1185/273 904/1186/273 872/1150/273
f 872/1150/274 904/1186/274 905/1187/274 873/1151/274
f 873/1151/275 905/1187/275 906/1188/275 874/1152/275
f 874/1152/276 906/1188/276 907/1189/276 875/1153/276
f 843/1117/277 875/1153/277 876/1190/277 844/1154/277
f 876/1155/278 908/1191/278 909/1192/278 877/1156/278
f 877/1156/279 909/1192/279 910/1193/279 878/1157/279
f 878/1157/280 910/1193/280 879/1158/280 847/1122/280
f 879/1158/281 911/1194/281 912/1195/281 880/1159/281
f 880/1159/282 912/1195/282 913/1196/282 881/1160/282
f 881/1160/283 913/1196/283 914/1197/283 882/1161/283
f 882/1161/284 914/1197/284 915/1198/284 883/1162/284
f 883/1162/285 915/1198/285 916/1199/285 884/1163/285
f 884/1164/636 916/1200/636 917/1201/636 885/1165/636
f 885/1165/287 917/1201/287 918/1202/287 886/1166/287
f 886/1166/288 918/1202/288 919/1203/288 887/1167/288
f 887/1167/637 919/1203/637 920/1204/637 888/1168/637
f 888/1168/638 920/1204/638 921/1205/638 889/1169/638
f 889/1169/639 921/1205/639 922/1206/639 890/1170/639
f 890/1170/640 922/1206/640 923/1207/640 891/1171/640
f 891/1171/641 923/1207/641 924/1208/641 892/1172/641
f 892/1173/294 924/1209/294 925/1210/294 893/1174/294
f 893/1174/295 925/1210/295 926/1211/295 894/1175/295
f 894/1175/296 926/1211/296 927/1212/296 895/1176/296
f 895/1176/297 927/1212/297 928/1213/297 896/1177/297
f 896/1177/298 928/1213/298 929/1214/298 897/1178/298
f 897/1178/642 929/1214/642 930/1215/642 898/1179/642
f 898/1179/643 930/1215/643 931/1216/643 899/1180/643
f 899/1180/301 931/1216/301 932/1217/301 900/1181/301
f 900/1182/302 932/1218/302 933/1219/302 901/1183/302
f 901/1183/303 933/1219/303 934/1220/303 902/1184/303
f 902/1184/304 934/1220/304 935/1221/304 903/1185/304
f 903/1185/644 935/1221/644 936/1222/644 904/1186/644
f 904/1186/306 936/1222/306 937/1223/306 905/1187/306
f 905/1187/307 937/1223/307 938/1224/307 906/1188/307
f 906/1188/308 938/1224/308 939/1225/308 907/1189/308
f 875/1153/309 907/1189/309 908/1226/309 876/1190/309
f 908/1191/645 940/1227/645 941/1228/645 909/1192/645
f 909/1192/311 941/1228/311 942/1229/311 910/1193/311
f 910/1193/312 942/1229/312 911/1194/312 879/1158/312
f 911/1230/313 943/1231/313 912/1232/313
f 912/1232/646 943/1231/646 913/1233/646
f 913/1233/315 943/1231/315 914/1234/315
f 914/1234/316 943/1231/316 915/1235/316
f 915/1235/317 943/1231/317 916/1236/317
f 916/1236/318 943/1231/318 917/1237/318
f 917/1237/319 943/1231/319 918/1238/319
f 918/1238/320 943/1231/320 919/1239/320
f 919/1239/321 943/1231/321 920/1240/321
f 920/1240/322 943/1231/322 921/1241/322
f 921/1241/323 943/1231/323 922/1242/323
f 922/1242/324 943/1231/324 923/1243/324
f 923/1243/325 943/1231/325 924/1244/325
f 924/1244/647 943/1231/647 925/1245/647
f 925/1245/648 943/1231/648 926/1246/648
f 926/1246/328 943/1231/328 927/1247/328
f 927/1247/329 943/1231/329 928/1248/329
f 928/1248/330 943/1231/330 929/1249/330
f 929/1249/331 943/1231/331 930/1250/331
f 930/1250/332 943/1231/332 931/1251/332
f 931/1251/333 943/1231/333 932/1252/333
f 932/1252/334 943/1231/334 933/1253/334
f 933/1253/335 943/1231/335 934/1254/335
f 934/1254/336 943/1231/336 935/1255/336
f 935/1255/337 943/1231/337 936/1256/337
f 936/1256/338 943/1231/338 937/1257/338
f 937/1257/649 943/1231/649 938/1258/649
f 938/1258/340 943/1231/340 939/1259/340
f 907/1189/341 939/1225/341 940/1260/341 908/1226/341
f 940/1261/342 943/1231/342 941/1262/342
f 941/1262/343 943/1231/343 942/1263/343
f 942/1263/344 943/1231/344 911/1230/344
f 939/1259/345 943/1231/345 940/1261/345
f 944/1264/346 945/1265/346 946/1266/346 947/1267/346
f 948/1268/347 944/1264/347 947/1267/347 949/1269/347
f 950/1270/348 951/1271/348 945/1272/348 944/1273/348
f 945/1265/349 952/1274/349 953/1275/349 946/1266/349
f 947/1267/350 946/1266/350 954/1276/350 955/1277/350
f 956/1278/351 948/1268/351 949/1269/351 957/1279/351
f 958/1280/650 950/1270/650 944/1273/650 948/1281/650
f 949/1269/353 947/1267/353 955/1277/353 959/1282/353
f 960/1283/354 961/1284/354 951/1271/354 950/1270/354
f 951/1271/355 962/1285/355 952/1286/355 945/1272/355
f 658/910/356 953/1275/356 952/1274/356 655/907/356
f 946/1266/357 953/1275/357 963/1287/357 954/1276/357
f 955/1277/358 954/1276/358 964/1288/358 965/1289/358
f 966/1290/359 956/1278/359 957/1279/359 967/1291/359
f 968/1292/360 958/1280/360 948/1281/360 956/1293/360
f 957/1279/361 949/1269/361 959/1282/361 969/1294/361
f 970/1295/362 960/1283/362 950/1270/362 958/1280/362
f 959/1282/363 955/1277/363 965/1289/363 971/1296/363
f 972/1297/364 973/1298/364 961/1284/364 960/1283/364
f 961/1284/365 974/1299/365 962/1285/365 951/1271/365
f 655/914/651 952/1286/651 962/1285/651 666/911/651
f 665/916/367 963/1287/367 953/1275/367 658/910/367
f 954/1276/368 963/1287/368 975/1300/368 964/1288/368
f 965/1289/369 964/1288/369 976/1301/369 977/1302/369
f 1449/1303/370 966/1290/370 967/1291/370 1450/1304/370
f 980/1305/371 968/1292/371 956/1293/371 966/1306/371
f 967/1291/372 957/1279/372 969/1294/372 981/1307/372
f 982/1308/373 970/1295/373 958/1280/373 968/1292/373
f 969/1294/374 959/1282/374 971/1296/374 983/1309/374
f 984/1310/375 972/1297/375 960/1283/375 970/1295/375
f 971/1296/376 965/1289/376 977/1302/376 985/1311/376
f 986/1312/377 987/1313/377 973/1298/377 972/1297/377
f 973/1298/378 988/1314/378 974/1299/378 961/1284/378
f 666/911/379 962/1285/379 974/1299/379 667/978/379
f 664/918/652 975/1300/652 963/1287/652 665/916/652
f 964/1288/381 975/1300/381 989/1315/381 976/1301/381
f 977/1302/382 976/1301/382 990/1316/382 991/1317/382
f 1451/1318/384 980/1305/384 966/1306/384 1449/1319/384
f 1450/1304/653 967/1291/653 981/1307/653 1452/1320/653
f 994/1321/386 982/1308/386 968/1292/386 980/1305/386
f 981/1307/387 969/1294/387 983/1309/387 995/1322/387
f 996/1323/388 984/1310/388 970/1295/388 982/1308/388
f 983/1309/389 971/1296/389 985/1311/389 997/1324/389
f 998/1325/390 986/1312/390 972/1297/390 984/1310/390
f 985/1311/391 977/1302/391 991/1317/391 999/1326/391
f 1000/1327/392 1001/1328/392 987/1313/392 986/1312/392
f 987/1313/393 1002/1329/393 988/1314/393 973/1298/393
f 667/978/394 974/1299/394 988/1314/394 668/976/394
f 663/920/654 989/1315/654 975/1300/654 664/918/654
f 976/1301/396 989/1315/396 1003/1330/396 990/1316/396
f 991/1317/397 990/1316/397 1004/1331/397 1005/1332/397
f 1453/1333/400 994/1321/400 980/1305/400 1451/1318/400
f 1452/1320/401 981/1307/401 995/1322/401 1454/1334/401
f 1008/1335/402 996/1323/402 982/1308/402 994/1321/402
f 995/1322/403 983/1309/403 997/1324/403 1009/1336/403
f 1010/1337/404 998/1325/404 984/1310/404 996/1323/404
f 997/1324/405 985/1311/405 999/1326/405 1011/1338/405
f 1012/1339/406 1000/1327/406 986/1312/406 998/1325/406
f 999/1326/407 991/1317/407 1005/1332/407 1013/1340/407
f 1014/1341/408 1015/1342/408 1001/1328/408 1000/1327/408
f 1001/1328/409 1016/1343/409 1002/1329/409 987/1313/409
f 668/976/410 988/1314/410 1002/1329/410 669/974/410
f 662/922/411 1003/1330/411 989/1315/411 663/920/411
f 990/1316/412 1003/1330/412 1017/1344/412 1004/1331/412
f 1005/1332/413 1004/1331/413 1018/1345/413 1019/1346/413
f 1455/1347/416 1008/1335/416 994/1321/416 1453/1333/416
f 1454/1334/417 995/1322/417 1009/1336/417 1456/1348/417
f 1022/1349/418 1010/1337/418 996/1323/418 1008/1335/418
f 1009/1336/419 997/1324/419 1011/1338/419 1023/1350/419
f 1024/1351/420 1012/1339/420 998/1325/420 1010/1337/420
f 1011/1338/421 999/1326/421 1013/1340/421 1025/1352/421
f 1026/1353/422 1014/1341/422 1000/1327/422 1012/1339/422
f 1013/1340/423 1005/1332/423 1019/1346/423 1027/1354/423
f 1028/1355/424 1029/1356/424 1015/1342/424 1014/1341/424
f 1015/1342/425 1030/1357/425 1016/1343/425 1001/1328/425
f 669/974/426 1002/1329/426 1016/1343/426 670/972/426
f 661/924/427 1017/1344/427 1003/1330/427 662/922/427
f 1004/1331/428 1017/1344/428 1031/1358/428 1018/1345/428
f 1019/1346/429 1018/1345/429 1032/1359/429 1033/1360/429
f 1457/1361/655 1022/1349/655 1008/1335/655 1455/1347/655
f 1456/1348/433 1009/1336/433 1023/1350/433 1458/1362/433
f 1036/1363/434 1024/1351/434 1010/1337/434 1022/1349/434
f 1023/1350/435 1011/1338/435 1025/1352/435 1037/1364/435
f 1038/1365/436 1026/1353/436 1012/1339/436 1024/1351/436
f 1025/1352/437 1013/1340/437 1027/1354/437 1039/1366/437
f 1040/1367/438 1028/1355/438 1014/1341/438 1026/1353/438
f 1027/1354/439 1019/1346/439 1033/1360/439 1041/1368/439
f 1042/1369/440 1043/1370/440 1029/1356/440 1028/1355/440
f 1029/1356/441 1044/1371/441 1030/1357/441 1015/1342/441
f 670/972/442 1016/1343/442 1030/1357/442 671/970/442
f 660/926/443 1031/1358/443 1017/1344/443 661/924/443
f 1018/1345/444 1031/1358/444 1045/1372/444 1032/1359/444
f 1033/1373/445 1032/1374/445 1046/1375/445 1047/1376/445
f 1460/1377/448 1036/1363/448 1022/1349/448 1457/1361/448
f 1458/1362/449 1023/1350/449 1037/1364/449 1459/1378/449
f 1050/1379/450 1038/1365/450 1024/1351/450 1036/1363/450
f 1037/1364/451 1025/1352/451 1039/1366/451 1051/1380/451
f 1052/1381/452 1040/1367/452 1026/1353/452 1038/1365/452
f 1039/1366/453 1027/1354/453 1041/1368/453 1053/1382/453
f 1054/1383/454 1042/1369/454 1028/1355/454 1040/1367/454
f 1041/1384/455 1033/1373/455 1047/1376/455 1055/1385/455
f 1056/1386/456 1057/1387/456 1043/1388/456 1042/1389/456
f 1043/1370/457 1058/1390/457 1044/1371/457 1029/1356/457
f 671/970/458 1030/1357/458 1044/1371/458 672/968/458
f 659/928/459 1045/1372/459 1031/1358/459 660/926/459
f 1032/1374/460 1045/1391/460 1059/1392/460 1046/1375/460
f 1047/1376/461 1046/1375/461 1060/1393/461 1061/1394/461
f 1461/1395/464 1050/1379/464 1036/1363/464 1460/1377/464
f 1459/1378/656 1037/1364/656 1051/1380/656 1462/1396/656
f 1064/1397/466 1052/1381/466 1038/1365/466 1050/1379/466
f 1051/1380/467 1039/1366/467 1053/1382/467 1065/1398/467
f 1066/1399/468 1054/1383/468 1040/1367/468 1052/1381/468
f 1053/1400/469 1041/1384/469 1055/1385/469 1067/1401/469
f 1068/1402/470 1056/1386/470 1042/1389/470 1054/1403/470
f 1055/1385/471 1047/1376/471 1061/1394/471 1069/1404/471
f 1070/1405/472 1071/1406/472 1057/1387/472 1056/1386/472
f 1057/1387/473 1072/1407/473 1058/1408/473 1043/1388/473
f 672/968/474 1044/1371/474 1058/1390/474 673/965/474
f 681/932/475 1059/1392/475 1045/1391/475 659/929/475
f 1046/1375/476 1059/1392/476 1073/1409/476 1060/1393/476
f 1061/1394/477 1060/1393/477 1074/1410/477 1075/1411/477
f 1463/1412/480 1064/1397/480 1050/1379/480 1461/1395/480
f 1462/1396/657 1051/1380/657 1065/1398/657 1464/1413/657
f 1078/1414/482 1066/1399/482 1052/1381/482 1064/1397/482
f 1065/1415/483 1053/1400/483 1067/1401/483 1079/1416/483
f 1080/1417/484 1068/1402/484 1054/1403/484 1066/1418/484
f 1067/1401/485 1055/1385/485 1069/1404/485 1081/1419/485
f 1082/1420/486 1070/1405/486 1056/1386/486 1068/1402/486
f 1069/1404/487 1061/1394/487 1075/1411/487 1083/1421/487
f 1084/1422/488 1085/1423/488 1071/1406/488 1070/1405/488
f 1071/1406/489 1086/1424/489 1072/1407/489 1057/1387/489
f 673/964/490 1058/1408/490 1072/1407/490 688/962/490
f 680/934/491 1073/1409/491 1059/1392/491 681/932/491
f 1060/1393/492 1073/1409/492 1087/1425/492 1074/1410/492
f 1075/1411/493 1074/1410/493 1088/1426/493 1089/1427/493
f 1465/1428/496 1078/1414/496 1064/1397/496 1463/1412/496
f 1464/1429/658 1065/1415/658 1079/1416/658 1466/1430/658
f 1092/1431/498 1080/1417/498 1066/1418/498 1078/1432/498
f 1079/1416/659 1067/1401/659 1081/1419/659 1093/1433/659
f 1094/1434/500 1082/1420/500 1068/1402/500 1080/1417/500
f 1081/1419/501 1069/1404/501 1083/1421/501 1095/1435/501
f 1096/1436/502 1084/1422/502 1070/1405/502 1082/1420/502
f 1083/1421/503 1075/1411/503 1089/1427/503 1097/1437/503
f 1098/1438/504 1099/1439/504 1085/1423/504 1084/1422/504
f 1085/1423/660 1100/1440/660 1086/1424/660 1071/1406/660
f 688/962/506 1072/1407/506 1086/1424/506 687/960/506
f 679/936/507 1087/1425/507 1073/1409/507 680/934/507
f 1074/1410/508 1087/1425/508 1101/1441/508 1088/1426/508
f 1089/1427/509 1088/1426/509 1102/1442/509 1103/1443/509
f 1468/1444/661 1092/1431/661 1078/1432/661 1465/1445/661
f 1466/1430/662 1079/1416/662 1093/1433/662 1467/1446/662
f 1106/1447/514 1094/1434/514 1080/1417/514 1092/1431/514
f 1093/1433/515 1081/1419/515 1095/1435/515 1107/1448/515
f 1108/1449/516 1096/1436/516 1082/1420/516 1094/1434/516
f 1095/1435/517 1083/1421/517 1097/1437/517 1109/1450/517
f 1110/1451/518 1098/1438/518 1084/1422/518 1096/1436/518
f 1097/1437/519 1089/1427/519 1103/1443/519 1111/1452/519
f 1112/1453/520 1113/1454/520 1099/1439/520 1098/1438/520
f 1099/1439/521 1114/1455/521 1100/1440/521 1085/1423/521
f 687/960/522 1086/1424/522 1100/1440/522 686/958/522
f 678/938/523 1101/1441/523 1087/1425/523 679/936/523
f 1088/1426/524 1101/1441/524 1115/1456/524 1102/1442/524
f 1103/1443/525 1102/1442/525 1116/1457/525 1117/1458/525
f 1469/1459/528 1106/1447/528 1092/1431/528 1468/1444/528
f 1467/1446/663 1093/1433/663 1107/1448/663 1470/1460/663
f 1120/1461/530 1108/1449/530 1094/1434/530 1106/1447/530
f 1107/1448/531 1095/1435/531 1109/1450/531 1121/1462/531
f 1122/1463/532 1110/1451/532 1096/1436/532 1108/1449/532
f 1109/1450/533 1097/1437/533 1111/1452/533 1123/1464/533
f 1124/1465/534 1112/1453/534 1098/1438/534 1110/1451/534
f 1111/1452/535 1103/1443/535 1117/1458/535 1125/1466/535
f 1126/1467/536 1127/1468/536 1113/1454/536 1112/1453/536
f 1113/1454/537 1128/1469/537 1114/1455/537 1099/1439/537
f 686/958/664 1100/1440/664 1114/1455/664 685/956/664
f 677/940/539 1115/1456/539 1101/1441/539 678/938/539
f 1102/1442/540 1115/1456/540 1129/1470/540 1116/1457/540
f 1117/1458/541 1116/1457/541 1130/1471/541 1131/1472/541
f 1472/1473/544 1120/1461/544 1106/1447/544 1469/1459/544
f 1470/1460/665 1107/1448/665 1121/1462/665 1471/1474/665
f 1134/1475/546 1122/1463/546 1108/1449/546 1120/1461/546
f 1121/1462/547 1109/1450/547 1123/1464/547 1135/1476/547
f 1136/1477/548 1124/1465/548 1110/1451/548 1122/1463/548
f 1123/1464/549 1111/1452/549 1125/1466/549 1137/1478/549
f 1138/1479/550 1126/1467/550 1112/1453/550 1124/1465/550
f 1125/1466/551 1117/1458/551 1131/1472/551 1139/1480/551
f 1127/1468/553 1140/1481/553 1128/1469/553 1113/1454/553
f 685/956/666 1114/1455/666 1128/1469/666 684/954/666
f 676/942/555 1129/1470/555 1115/1456/555 677/940/555
f 1116/1457/556 1129/1470/556 1141/1482/556 1130/1471/556
f 1131/1472/557 1130/1471/557 1142/1483/557 1143/1484/557
f 1474/1485/560 1134/1475/560 1120/1461/560 1472/1473/560
f 1471/1474/561 1121/1462/561 1135/1476/561 1473/1486/561
f 1146/1487/562 1136/1477/562 1122/1463/562 1134/1475/562
f 1135/1476/563 1123/1464/563 1137/1478/563 1147/1488/563
f 1148/1489/564 1138/1479/564 1124/1465/564 1136/1477/564
f 1137/1478/565 1125/1466/565 1139/1480/565 1149/1490/565
f 1139/1480/567 1131/1472/567 1143/1484/567 1150/1491/567
f 684/954/667 1128/1469/667 1140/1481/667 683/952/667
f 675/944/571 1141/1482/571 1129/1470/571 676/942/571
f 1130/1471/572 1141/1482/572 1151/1492/572 1142/1483/572
f 1475/1493/575 1146/1487/575 1134/1475/575 1474/1485/575
f 1473/1486/668 1135/1476/668 1147/1488/668 1476/1494/668
f 1154/1495/577 1148/1489/577 1136/1477/577 1146/1487/577
f 1147/1488/578 1137/1478/578 1149/1490/578 1155/1496/578
f 1149/1490/580 1139/1480/580 1150/1491/580 1156/1497/580
f 674/946/584 1151/1492/584 1141/1482/584 675/944/584
f 1477/1498/587 1154/1495/587 1146/1487/587 1475/1493/587
f 1476/1494/588 1147/1488/588 1155/1496/588 1478/1499/588
f 1155/1496/590 1149/1490/590 1156/1497/590 1159/1500/590
f 1478/1499/596 1155/1496/596 1159/1500/596 1479/1501/596
f 937/1502/42 936/1503/42 1167/1504/42 1166/1505/42
f 933/1506/42 932/1507/42 1171/1508/42 1170/1509/42
f 928/1510/42 927/1511/42 1176/1512/42 1175/1513/42
f 930/1514/42 929/1515/42 1174/1516/42 1173/1517/42
f 926/1518/42 925/1519/42 1178/1520/42 1177/1521/42
f 923/1522/42 922/1523/42 1181/1524/42 1180/1525/42
f 940/1526/42 939/1527/42 1164/1528/42 1163/1529/42
f 911/1530/42 942/1531/42 1161/1532/42 1192/1533/42
f 919/1534/42 918/1535/42 1185/1536/42 1184/1537/42
f 916/1538/42 915/1539/42 1188/1540/42 1187/1541/42
f 939/1527/42 938/1542/42 1165/1543/42 1164/1528/42
f 936/1503/42 935/1544/42 1168/1545/42 1167/1504/42
f 912/1546/42 911/1530/42 1192/1533/42 1191/1547/42
f 929/1515/42 928/1510/42 1175/1513/42 1174/1516/42
f 932/1507/42 931/1548/42 1172/1549/42 1171/1508/42
f 922/1523/42 921/1550/42 1182/1551/42 1181/1524/42
f 925/1519/42 924/1552/42 1179/1553/42 1178/1520/42
f 942/1531/42 941/1554/42 1162/1555/42 1161/1532/42
f 918/1535/42 917/1556/42 1186/1557/42 1185/1536/42
f 915/1539/42 914/1558/42 1189/1559/42 1188/1540/42
f 914/1558/42 913/1560/42 1190/1561/42 1189/1559/42
f 938/1542/42 937/1502/42 1166/1505/42 1165/1543/42
f 935/1544/42 934/1562/42 1169/1563/42 1168/1545/42
f 927/1511/42 926/1518/42 1177/1521/42 1176/1512/42
f 931/1548/42 930/1514/42 1173/1517/42 1172/1549/42
f 921/1550/42 920/1564/42 1183/1565/42 1182/1551/42
f 920/1564/42 919/1534/42 1184/1537/42 1183/1565/42
f 924/1552/42 923/1522/42 1180/1525/42 1179/1553/42
f 941/1554/42 940/1526/42 1163/1529/42 1162/1555/42
f 913/1560/42 912/1546/42 1191/1547/42 1190/1561/42
f 917/1556/42 916/1538/42 1187/1541/42 1186/1557/42
f 934/1562/42 933/1506/42 1170/1509/42 1169/1563/42
f 1193/1566/669 1201/1567/669 1208/1568/669 1200/1569/669
f 1194/1570/670 1202/1571/670 1201/1567/670 1193/1566/670
f 1195/1572/671 1203/1573/671 1202/1574/671 1194/1575/671
f 1196/1576/672 1204/1577/672 1203/1573/672 1195/1572/672
f 1197/1578/673 1205/1579/673 1204/1580/673 1196/1581/673
f 1198/1582/674 1206/1583/674 1205/1579/674 1197/1578/674
f 1199/1584/675 1207/1585/675 1206/1586/675 1198/1587/675
f 1200/1588/676 1208/1589/676 1207/1585/676 1199/1584/676
f 1201/1567/677 1209/1590/677 1216/1591/677 1208/1568/677
f 1202/1571/678 1210/1592/678 1209/1590/678 1201/1567/678
f 1203/1573/679 1211/1593/679 1210/1594/679 1202/1574/679
f 1204/1577/680 1212/1595/680 1211/1593/680 1203/1573/680
f 1205/1579/681 1213/1596/681 1212/1597/681 1204/1580/681
f 1206/1583/682 1214/1598/682 1213/1596/682 1205/1579/682
f 1207/1585/683 1215/1599/683 1214/1600/683 1206/1586/683
f 1208/1589/684 1216/1601/684 1215/1599/684 1207/1585/684
f 1209/1590/685 1217/1602/685 1224/1603/685 1216/1591/685
f 1210/1592/686 1218/1604/686 1217/1602/686 1209/1590/686
f 1211/1593/687 1219/1605/687 1218/1606/687 1210/1594/687
f 1212/1595/688 1220/1607/688 1219/1605/688 1211/1593/688
f 1213/1596/689 1221/1608/689 1220/1609/689 1212/1597/689
f 1214/1598/690 1222/1610/690 1221/1608/690 1213/1596/690
f 1215/1599/691 1223/1611/691 1222/1612/691 1214/1600/691
f 1216/1601/692 1224/1613/692 1223/1611/692 1215/1599/692
f 1217/1602/693 1225/1614/693 1232/1615/693 1224/1603/693
f 1218/1604/694 1226/1616/694 1225/1614/694 1217/1602/694
f 1219/1605/695 1227/1617/695 1226/1618/695 1218/1606/695
f 1220/1607/696 1228/1619/696 1227/1617/696 1219/1605/696
f 1221/1608/697 1229/1620/697 1228/1621/697 1220/1609/697
f 1222/1610/698 1230/1622/698 1229/1620/698 1221/1608/698
f 1223/1611/699 1231/1623/699 1230/1624/699 1222/1612/699
f 1224/1603/700 1232/1615/700 1231/1625/700 1223/1626/700
f 1225/1614/701 1233/1627/701 1240/1628/701 1232/1615/701
f 1226/1616/702 1234/1629/702 1233/1627/702 1225/1614/702
f 1227/1617/703 1235/1630/703 1234/1631/703 1226/1618/703
f 1228/1621/704 1236/1632/704 1235/1633/704 1227/1634/704
f 1229/1620/705 1237/1635/705 1236/1632/705 1228/1621/705
f 1230/1622/706 1238/1636/706 1237/1635/706 1229/1620/706
f 1231/1623/707 1239/1637/707 1238/1638/707 1230/1624/707
f 1232/1615/708 1240/1628/708 1239/1639/708 1231/1625/708
f 1233/1627/709 1241/1640/709 1248/1641/709 1240/1628/709
f 1234/1629/710 1242/1642/710 1241/1640/710 1233/1627/710
f 1235/1633/711 1243/1643/711 1242/1644/711 1234/1645/711
f 1236/1632/712 1244/1646/712 1243/1643/712 1235/1633/712
f 1237/1635/713 1245/1647/713 1244/1646/713 1236/1632/713
f 1238/1636/714 1246/1648/714 1245/1647/714 1237/1635/714
f 1239/1639/715 1247/1649/715 1246/1650/715 1238/1651/715
f 1240/1628/716 1248/1641/716 1247/1649/716 1239/1639/716
f 1241/1640/717 1249/1652/717 1256/1653/717 1248/1641/717
f 1242/1654/718 1250/1655/718 1249/1656/718 1241/1657/718
f 1243/1643/719 1251/1658/719 1250/1659/719 1242/1644/719
f 1244/1646/720 1252/1660/720 1251/1658/720 1243/1643/720
f 1245/1647/721 1253/1661/721 1252/1660/721 1244/1646/721
f 1246/1662/722 1254/1663/722 1253/1664/722 1245/1665/722
f 1247/1649/723 1255/1666/723 1254/1667/723 1246/1650/723
f 1248/1641/724 1256/1653/724 1255/1666/724 1247/1649/724
f 1249/1652/725 1257/1668/725 1264/1669/725 1256/1653/725
f 1250/1655/726 1258/1670/726 1257/1671/726 1249/1656/726
f 1251/1658/727 1259/1672/727 1258/1673/727 1250/1659/727
f 1252/1660/728 1260/1674/728 1259/1672/728 1251/1658/728
f 1253/1664/729 1261/1675/729 1260/1676/729 1252/1677/729
f 1254/1663/730 1262/1678/730 1261/1675/730 1253/1664/730
f 1255/1666/731 1263/1679/731 1262/1680/731 1254/1667/731
f 1256/1653/732 1264/1669/732 1263/1679/732 1255/1666/732
f 1257/1671/733 1265/1681/733 1272/1682/733 1264/1683/733
f 1258/1670/734 1266/1684/734 1265/1681/734 1257/1671/734
f 1259/1672/735 1267/1685/735 1266/1686/735 1258/1673/735
f 1260/1674/736 1268/1687/736 1267/1685/736 1259/1672/736
f 1261/1675/737 1269/1688/737 1268/1689/737 1260/1676/737
f 1262/1678/738 1270/1690/738 1269/1688/738 1261/1675/738
f 1263/1679/739 1271/1691/739 1270/1692/739 1262/1680/739
f 1264/1669/740 1272/1693/740 1271/1691/740 1263/1679/740
f 1265/1681/741 1273/1694/741 1280/1695/741 1272/1682/741
f 1266/1684/742 1274/1696/742 1273/1694/742 1265/1681/742
f 1267/1685/743 1275/1697/743 1274/1698/743 1266/1686/743
f 1268/1687/744 1276/1699/744 1275/1697/744 1267/1685/744
f 1269/1688/745 1277/1700/745 1276/1701/745 1268/1689/745
f 1270/1690/746 1278/1702/746 1277/1700/746 1269/1688/746
f 1271/1691/747 1279/1703/747 1278/1704/747 1270/1692/747
f 1272/1693/748 1280/1705/748 1279/1703/748 1271/1691/748
f 1273/1694/749 1281/1706/749 1288/1707/749 1280/1695/749
f 1274/1696/750 1282/1708/750 1281/1706/750 1273/1694/750
f 1275/1697/751 1283/1709/751 1282/1710/751 1274/1698/751
f 1276/1699/752 1284/1711/752 1283/1709/752 1275/1697/752
f 1277/1700/753 1285/1712/753 1284/1713/753 1276/1701/753
f 1278/1702/754 1286/1714/754 1285/1712/754 1277/1700/754
f 1279/1703/755 1287/1715/755 1286/1716/755 1278/1704/755
f 1280/1705/756 1288/1717/756 1287/1715/756 1279/1703/756
f 1289/1718/757 1297/1719/757 1304/1720/757 1296/1721/757
f 1290/1722/758 1298/1723/758 1297/1719/758 1289/1718/758
f 1291/1724/759 1299/1725/759 1298/1726/759 1290/1727/759
f 1292/1728/760 1300/1729/760 1299/1725/760 1291/1724/760
f 1293/1730/761 1301/1731/761 1300/1732/761 1292/1733/761
f 1294/1734/762 1302/1735/762 1301/1731/762 1293/1730/762
f 1295/1736/763 1303/1737/763 1302/1738/763 1294/1739/763
f 1296/1740/764 1304/1741/764 1303/1737/764 1295/1736/764
f 1297/1719/765 1305/1742/765 1312/1743/765 1304/1720/765
f 1298/1723/766 1306/1744/766 1305/1742/766 1297/1719/766
f 1299/1725/767 1307/1745/767 1306/1746/767 1298/1726/767
f 1300/1729/768 1308/1747/768 1307/1745/768 1299/1725/768
f 1301/1731/769 1309/1748/769 1308/1749/769 1300/1732/769
f 1302/1735/770 1310/1750/770 1309/1748/770 1301/1731/770
f 1303/1737/771 1311/1751/771 1310/1752/771 1302/1738/771
f 1304/1741/772 1312/1753/772 1311/1751/772 1303/1737/772
f 1305/1742/773 1313/1754/773 1320/1755/773 1312/1743/773
f 1306/1744/774 1314/1756/774 1313/1754/774 1305/1742/774
f 1307/1745/775 1315/1757/775 1314/1758/775 1306/1746/775
f 1308/1747/776 1316/1759/776 1315/1757/776 1307/1745/776
f 1309/1748/777 1317/1760/777 1316/1761/777 1308/1749/777
f 1310/1750/778 1318/1762/778 1317/1760/778 1309/1748/778
f 1311/1751/779 1319/1763/779 1318/1764/779 1310/1752/779
f 1312/1753/780 1320/1765/780 1319/1763/780 1311/1751/780
f 1313/1754/781 1321/1766/781 1328/1767/781 1320/1755/781
f 1314/1756/782 1322/1768/782 1321/1766/782 1313/1754/782
f 1315/1757/783 1323/1769/783 1322/1770/783 1314/1758/783
f 1316/1759/784 1324/1771/784 1323/1769/784 1315/1757/784
f 1317/1760/785 1325/1772/785 1324/1773/785 1316/1761/785
f 1318/1762/786 1326/1774/786 1325/1772/786 1317/1760/786
f 1319/1763/787 1327/1775/787 1326/1776/787 1318/1764/787
f 1320/1765/788 1328/1777/788 1327/1775/788 1319/1763/788
f 1321/1778/789 1329/1779/789 1336/1780/789 1328/1777/789
f 1322/1768/790 1330/1781/790 1329/1782/790 1321/1766/790
f 1323/1769/791 1331/1783/791 1330/1784/791 1322/1770/791
f 1324/1771/792 1332/1785/792 1331/1783/792 1323/1769/792
f 1325/1786/793 1333/1787/793 1332/1785/793 1324/1771/793
f 1326/1774/794 1334/1788/794 1333/1789/794 1325/1772/794
f 1327/1775/795 1335/1790/795 1334/1791/795 1326/1776/795
f 1328/1777/796 1336/1780/796 1335/1790/796 1327/1775/796
f 1329/1779/797 1337/1792/797 1344/1793/797 1336/1780/797
f 1330/1794/798 1338/1795/798 1337/1792/798 1329/1779/798
f 1331/1783/799 1339/1796/799 1338/1797/799 1330/1784/799
f 1332/1785/800 1340/1798/800 1339/1796/800 1331/1783/800
f 1333/1787/801 1341/1799/801 1340/1798/801 1332/1785/801
f 1334/1800/802 1342/1801/802 1341/1799/802 1333/1787/802
f 1335/1790/803 1343/1802/803 1342/1803/803 1334/1791/803
f 1336/1780/804 1344/1793/804 1343/1802/804 1335/1790/804
f 1337/1792/805 1345/1804/805 1352/1805/805 1344/1793/805
f 1338/1795/806 1346/1806/806 1345/1804/806 1337/1792/806
f 1339/1807/807 1347/1808/807 1346/1809/807 1338/1810/807
f 1340/1798/808 1348/1811/808 1347/1812/808 1339/1796/808
f 1341/1799/809 1349/1813/809 1348/1811/809 1340/1798/809
f 1342/1801/810 1350/1814/810 1349/1813/810 1341/1799/810
f 1343/1815/811 1351/1816/811 1350/1817/811 1342/1818/811
f 1344/1793/812 1352/1805/812 1351/1819/812 1343/1802/812
f 1345/1804/813 1353/1820/813 1360/1821/813 1352/1805/813
f 1346/1806/814 1354/1822/814 1353/1820/814 1345/1804/814
f 1347/1808/815 1355/1823/815 1354/1824/815 1346/1809/815
f 1348/1825/816 1356/1826/816 1355/1823/816 1347/1808/816
f 1349/1813/817 1357/1827/817 1356/1828/817 1348/1811/817
f 1350/1814/818 1358/1829/818 1357/1827/818 1349/1813/818
f 1351/1816/819 1359/1830/819 1358/1831/819 1350/1817/819
f 1352/1832/820 1360/1833/820 1359/1830/820 1351/1816/820
f 1353/1820/821 1361/1834/821 1368/1835/821 1360/1821/821
f 1354/1822/822 1362/1836/822 1361/1834/822 1353/1820/822
f 1355/1823/823 1363/1837/823 1362/1838/823 1354/1824/823
f 1356/1826/824 1364/1839/824 1363/1837/824 1355/1823/824
f 1357/1827/825 1365/1840/825 1364/1841/825 1356/1828/825
f 1358/1829/826 1366/1842/826 1365/1840/826 1357/1827/826
f 1359/1830/827 1367/1843/827 1366/1844/827 1358/1831/827
f 1360/1833/828 1368/1845/828 1367/1843/828 1359/1830/828
f 1361/1834/829 1369/1846/829 1376/1847/829 1368/1835/829
f 1362/1836/830 1370/1848/830 1369/1846/830 1361/1834/830
f 1363/1837/831 1371/1849/831 1370/1850/831 1362/1838/831
f 1364/1839/832 1372/1851/832 1371/1849/832 1363/1837/832
f 1365/1840/833 1373/1852/833 1372/1853/833 1364/1841/833
f 1366/1842/834 1374/1854/834 1373/1852/834 1365/1840/834
f 1367/1843/835 1375/1855/835 1374/1856/835 1366/1844/835
f 1368/1845/836 1376/1857/836 1375/1855/836 1367/1843/836
f 1369/1846/837 1377/1858/837 1384/1859/837 1376/1847/837
f 1370/1848/838 1378/1860/838 1377/1858/838 1369/1846/838
f 1371/1849/839 1379/1861/839 1378/1862/839 1370/1850/839
f 1372/1851/840 1380/1863/840 1379/1861/840 1371/1849/840
f 1373/1852/841 1381/1864/841 1380/1865/841 1372/1853/841
f 1374/1854/842 1382/1866/842 1381/1864/842 1373/1852/842
f 1375/1855/843 1383/1867/843 1382/1868/843 1374/1856/843
f 1376/1857/844 1384/1869/844 1383/1867/844 1375/1855/844
f 99/247/43 137/1870/43 138/1871/43 136/1872/43
f 28/72/845 27/71/845 94/132/845 93/125/845
f 35/39/52 33/1873/52 101/262/52 34/36/52
f 96/246/6 77/208/6 131/207/6 100/1874/6
f 134/263/41 101/262/41 33/1873/41 1385/1875/41
f 1386/1876/43 25/248/43 99/247/43 136/1872/43
f 88/145/846 1386/144/846 136/1877/846 98/1878/846
f 135/1879/42 139/1880/42 108/1881/42 104/1882/42
f 79/220/847 78/209/847 1400/1883/847 1401/1884/847
f 87/224/848 86/199/848 1408/1885/848 1409/1886/848
f 65/214/849 64/235/849 1395/1887/849 1396/1888/849
f 80/221/850 79/220/850 1401/1884/850 1402/1889/850
f 58/228/851 57/237/851 1388/1890/851 1389/1891/851
f 56/225/852 87/224/852 1409/1886/852 1387/1892/852
f 66/215/853 65/214/853 1396/1888/853 1397/1893/853
f 81/217/854 80/221/854 1402/1889/854 1403/1894/854
f 59/229/855 58/228/855 1389/1891/855 1390/1895/855
f 67/119/856 66/215/856 1397/1893/856 1398/1896/856
f 82/211/857 81/217/857 1403/1894/857 1404/1897/857
f 60/241/858 59/229/858 1390/1895/858 1391/1898/858
f 83/202/859 82/211/859 1404/1897/859 1405/1899/859
f 61/232/860 60/239/860 1391/1900/860 1392/1901/860
f 84/203/861 83/202/861 1405/1899/861 1406/1902/861
f 62/233/862 61/232/862 1392/1901/862 1393/1903/862
f 85/198/863 84/205/863 1406/1904/863 1407/1905/863
f 63/243/864 62/233/864 1393/1903/864 1394/1906/864
f 78/209/865 77/208/865 1399/245/865 1400/1883/865
f 57/237/866 56/225/866 1387/1892/866 1388/1890/866
f 86/199/867 85/198/867 1407/1905/867 1408/1885/867
f 64/235/868 63/243/868 1394/1906/868 1395/1887/868
f 88/120/869 67/119/869 1398/1896/869 68/1907/869
f 1393/1903/870 1392/1901/870 1424/1908/870 1425/1909/870
f 1408/1885/871 1407/1905/871 1439/1910/871 1440/1911/871
f 68/1907/872 1398/1896/872 1430/1912/872 1410/1913/872
f 1399/245/873 76/244/873 1418/1914/873 1431/1915/873
f 1394/1906/874 1393/1903/874 1425/1909/874 1426/1916/874
f 1409/1886/875 1408/1885/875 1440/1911/875 1441/1917/875
f 69/147/876 68/146/876 1410/1918/876 1411/1919/876
f 1395/1887/877 1394/1906/877 1426/1916/877 1427/1920/877
f 1387/1892/878 1409/1886/878 1441/1917/878 1419/1921/878
f 70/141/879 69/147/879 1411/1919/879 1412/1922/879
f 1396/1888/880 1395/1887/880 1427/1920/880 1428/1923/880
f 71/142/881 70/141/881 1412/1922/881 1413/1924/881
f 1397/1893/882 1396/1888/882 1428/1923/882 1429/1925/882
f 72/123/883 71/142/883 1413/1924/883 1414/1926/883
f 1398/1896/884 1397/1893/884 1429/1925/884 1430/1912/884
f 73/124/885 72/123/885 1414/1926/885 1415/1927/885
f 1400/1883/886 1399/245/886 1431/1915/886 1432/1928/886
f 74/129/887 73/124/887 1415/1927/887 1416/1929/887
f 1401/1884/888 1400/1883/888 1432/1928/888 1433/1930/888
f 75/130/889 74/129/889 1416/1929/889 1417/1931/889
f 1402/1889/890 1401/1884/890 1433/1930/890 1434/1932/890
f 1388/1890/891 1387/1892/891 1419/1921/891 1420/1933/891
f 76/150/892 75/130/892 1417/1931/892 1418/1934/892
f 1403/1894/893 1402/1889/893 1434/1932/893 1435/1935/893
f 1389/1891/894 1388/1890/894 1420/1933/894 1421/1936/894
f 1404/1897/895 1403/1894/895 1435/1935/895 1436/1937/895
f 1390/1895/896 1389/1891/896 1421/1936/896 1422/1938/896
f 1405/1899/897 1404/1897/897 1436/1937/897 1437/1939/897
f 1391/1898/898 1390/1895/898 1422/1938/898 1423/1940/898
f 1406/1902/899 1405/1899/899 1437/1939/899 1438/1941/899
f 1392/1901/900 1391/1900/900 1423/1942/900 1424/1908/900
f 1407/1905/901 1406/1904/901 1438/1943/901 1439/1910/901
f 1431/1944/1 1418/1945/1 1417/1946/1 1416/1947/1 1415/1948/1 1414/1949/1 1413/1950/1 1412/1951/1 1411/1952/1 1410/1953/1 1430/1954/1 1429/1955/1 1428/1956/1 1427/1957/1 1426/1958/1 1425/1959/1 1424/1960/1 1423/1961/1 1422/1962/1 1421/1963/1 1420/1964/1 1419/1965/1 1441/1966/1 1440/1967/1 1439/1968/1 1438/1969/1 1437/1970/1 1436/1971/1 1435/1972/1 1434/1973/1 1433/1974/1 1432/1975/1
f 1426/1916/902 16/1976/902 14/1977/902 1425/1909/902
f 1425/1909/903 14/1977/903 12/1978/903 1424/1908/903
f 1424/1908/904 12/1978/904 10/1979/904 1423/1942/904
f 1423/1940/905 10/1980/905 8/1981/905 1422/1938/905
f 1422/1938/906 8/1981/906 6/1982/906 1421/1936/906
f 1421/1936/907 6/1982/907 4/1983/907 1420/1933/907
f 1420/1933/908 4/1983/908 2/1984/908 1419/1921/908
f 1419/1921/909 2/1984/909 55/1985/909 1441/1917/909
f 1441/1917/910 55/1985/910 53/1986/910 1440/1911/910
f 1440/1911/911 53/1986/911 51/1987/911 1439/1910/911
f 1439/1910/912 51/1987/912 49/1988/912 1438/1943/912
f 1438/1941/913 49/1989/913 47/1990/913 1437/1939/913
f 1437/1939/914 47/1990/914 45/1991/914 1436/1937/914
f 1436/1937/915 45/1991/915 43/1992/915 1435/1935/915
f 1435/1935/916 43/1992/916 41/1993/916 1434/1932/916
f 1434/1932/917 41/1993/917 39/1994/917 1433/1930/917
f 1433/1930/918 39/1994/918 37/1995/918 1432/1928/918
f 1432/1928/919 37/1995/919 35/1996/919 1431/1915/919
f 1431/1915/920 35/1996/920 33/1997/920 1418/1914/920
f 1418/1934/921 33/1998/921 32/1999/921 1417/1931/921
f 1417/1931/922 32/1999/922 31/2000/922 1416/1929/922
f 1416/1929/923 31/2000/923 30/2001/923 1415/1927/923
f 1415/1927/924 30/2001/924 29/2002/924 1414/1926/924
f 1414/1926/925 29/2002/925 28/2003/925 1413/1924/925
f 1413/1924/926 28/2003/926 27/2004/926 1412/1922/926
f 1412/1922/927 27/2004/927 26/2005/927 1411/1919/927
f 1411/1919/928 26/2005/928 25/2006/928 1410/1918/928
f 1410/1913/929 25/2007/929 24/2008/929 1430/1912/929
f 1430/1912/930 24/2008/930 22/2009/930 1429/1925/930
f 1429/1925/931 22/2009/931 20/2010/931 1428/1923/931
f 1427/1920/932 18/2011/932 16/1976/932 1426/1916/932
f 1428/1923/933 20/2010/933 18/2011/933 1427/1920/933
f 979/2012/22 993/2013/22 1007/2014/22 1021/2015/22 1035/2016/22 1049/2017/22 1063/2018/22 1077/2019/22 1091/2020/22 1105/2021/22 1119/2022/22 1133/2023/22 1145/2024/22 1153/2025/22 1158/2026/22 1160/2027/22 1442/2028/22 1157/2029/22 1152/2030/22 1144/2031/22 1132/2032/22 1118/2033/22 1104/2034/22 1090/2035/22 1076/2036/22 1062/2037/22 1048/2038/22 1034/2039/22 1020/2040/22 1006/2041/22 992/2042/22 978/2043/22
f 1159/2044/934 1443/2045/934 1480/2046/934 1479/2047/934
f 1156/2048/935 1444/2049/935 1443/2045/935 1159/2044/935
f 1445/2050/936 1444/2049/936 1156/2048/936 1150/2051/936
f 1445/2050/937 1150/2051/937 1143/2052/937 1446/2053/937
f 1446/2053/938 1143/2052/938 1142/2054/938 1447/2055/938
f 1447/2055/939 1142/2054/939 1151/2056/939 1448/2057/939
f 1148/1489/935 1154/1495/935 1443/2045/935 1444/2049/935
f 1127/1468/939 1447/2055/939 1448/2057/939 1140/1481/939
f 1126/1467/938 1446/2053/938 1447/2055/938 1127/1468/938
f 1138/1479/937 1445/2050/937 1446/2053/937 1126/1467/937
f 1138/1479/936 1148/1489/936 1444/2049/936 1445/2050/936
f 674/947/940 682/950/940 1448/2057/940 1151/2056/940
f 682/950/941 683/952/941 1140/1481/941 1448/2057/941
f 1154/1495/934 1477/1498/934 1480/2046/934 1443/2045/934
f 1482/2058/22 1481/2059/22 1449/2060/22 1450/2061/22
f 1481/2059/22 1483/2062/22 1451/2063/22 1449/2060/22
f 1484/2064/22 1482/2058/22 1450/2061/22 1452/2065/22
f 1483/2062/22 1485/2066/22 1453/2067/22 1451/2063/22
f 1486/2068/22 1484/2064/22 1452/2065/22 1454/2069/22
f 1485/2066/22 1487/2070/22 1455/2071/22 1453/2067/22
f 1488/2072/22 1486/2068/22 1454/2069/22 1456/2073/22
f 1487/2070/22 1489/2074/22 1457/2075/22 1455/2071/22
f 1490/2076/22 1488/2072/22 1456/2073/22 1458/2077/22
f 1491/2078/22 1490/2076/22 1458/2077/22 1459/2079/22
f 1489/2074/22 1492/2080/22 1460/2081/22 1457/2075/22
f 1492/2080/22 1493/2082/22 1461/2083/22 1460/2081/22
f 1494/2084/22 1491/2078/22 1459/2079/22 1462/2085/22
f 1493/2082/22 1495/2086/22 1463/2087/22 1461/2083/22
f 1496/2088/22 1494/2084/22 1462/2085/22 1464/2089/22
f 1495/2086/22 1497/2090/22 1465/2091/22 1463/2087/22
f 1498/2092/22 1496/2088/22 1464/2089/22 1466/2093/22
f 1499/2094/22 1498/2092/22 1466/2093/22 1467/2095/22
f 1497/2090/22 1500/2096/22 1468/2097/22 1465/2091/22
f 1500/2096/22 1501/2098/22 1469/2099/22 1468/2097/22
f 1502/2100/22 1499/2094/22 1467/2095/22 1470/2101/22
f 1503/2102/22 1502/2100/22 1470/2101/22 1471/2103/22
f 1501/2098/22 1504/2104/22 1472/2105/22 1469/2099/22
f 1505/2106/22 1503/2102/22 1471/2103/22 1473/2107/22
f 1504/2104/22 1506/2108/22 1474/2109/22 1472/2105/22
f 1506/2108/22 1507/2110/22 1475/2111/22 1474/2109/22
f 1508/2112/22 1505/2106/22 1473/2107/22 1476/2113/22
f 1507/2110/22 1509/2114/22 1477/2115/22 1475/2111/22
f 1510/2116/22 1508/2112/22 1476/2113/22 1478/2117/22
f 1511/2118/22 1510/2116/22 1478/2117/22 1479/2119/22
f 1512/2120/942 1511/2118/942 1479/2119/942 1480/2121/942
f 1509/2114/943 1512/2120/943 1480/2121/943 1477/2115/943
f 1514/2122/22 1513/2123/22 1481/2059/22 1482/2058/22
f 1513/2123/22 1515/2124/22 1483/2062/22 1481/2059/22
f 1516/2125/22 1514/2122/22 1482/2058/22 1484/2064/22
f 1515/2124/22 1517/2126/22 1485/2066/22 1483/2062/22
f 1518/2127/22 1516/2125/22 1484/2064/22 1486/2068/22
f 1517/2126/22 1519/2128/22 1487/2070/22 1485/2066/22
f 1520/2129/22 1518/2127/22 1486/2068/22 1488/2072/22
f 1519/2128/22 1521/2130/22 1489/2074/22 1487/2070/22
f 1522/2131/22 1520/2129/22 1488/2072/22 1490/2076/22
f 1523/2132/22 1522/2131/22 1490/2076/22 1491/2078/22
f 1521/2130/22 1524/2133/22 1492/2080/22 1489/2074/22
f 1524/2133/22 1525/2134/22 1493/2082/22 1492/2080/22
f 1526/2135/22 1523/2132/22 1491/2078/22 1494/2084/22
f 1525/2134/22 1527/2136/22 1495/2086/22 1493/2082/22
f 1528/2137/22 1526/2135/22 1494/2084/22 1496/2088/22
f 1527/2136/22 1529/2138/22 1497/2090/22 1495/2086/22
f 1530/2139/22 1528/2137/22 1496/2088/22 1498/2092/22
f 1531/2140/22 1530/2139/22 1498/2092/22 1499/2094/22
f 1529/2138/22 1532/2141/22 1500/2096/22 1497/2090/22
f 1532/2141/22 1533/2142/22 1501/2098/22 1500/2096/22
f 1534/2143/22 1531/2140/22 1499/2094/22 1502/2100/22
f 1535/2144/22 1534/2143/22 1502/2100/22 1503/2102/22
f 1533/2142/22 1536/2145/22 1504/2104/22 1501/2098/22
f 1537/2146/22 1535/2144/22 1503/2102/22 1505/2106/22
f 1536/2145/22 1538/2147/22 1506/2108/22 1504/2104/22
f 1538/2147/22 1539/2148/22 1507/2110/22 1506/2108/22
f 1540/2149/22 1537/2146/22 1505/2106/22 1508/2112/22
f 1539/2148/22 1541/2150/22 1509/2114/22 1507/2110/22
f 1542/2151/22 1540/2149/22 1508/2112/22 1510/2116/22
f 1543/2152/22 1542/2151/22 1510/2116/22 1511/2118/22
f 1544/2153/944 1543/2152/944 1511/2118/944 1512/2120/944
f 1541/2150/945 1544/2153/945 1512/2120/945 1509/2114/945
f 1546/2154/22 1545/2155/22 1513/2123/22 1514/2122/22
f 1545/2155/22 1547/2156/22 1515/2124/22 1513/2123/22
f 1548/2157/22 1546/2154/22 1514/2122/22 1516/2125/22
f 1547/2156/22 1549/2158/22 1517/2126/22 1515/2124/22
f 1550/2159/22 1548/2157/22 1516/2125/22 1518/2127/22
f 1549/2158/22 1551/2160/22 1519/2128/22 1517/2126/22
f 1552/2161/22 1550/2159/22 1518/2127/22 1520/2129/22
f 1551/2160/22 1553/2162/22 1521/2130/22 1519/2128/22
f 1554/2163/22 1552/2161/22 1520/2129/22 1522/2131/22
f 1555/2164/22 1554/2163/22 1522/2131/22 1523/2132/22
f 1553/2162/22 1556/2165/22 1524/2133/22 1521/2130/22
f 1556/2165/22 1557/2166/22 1525/2134/22 1524/2133/22
f 1558/2167/22 1555/2164/22 1523/2132/22 1526/2135/22
f 1557/2166/22 1559/2168/22 1527/2136/22 1525/2134/22
f 1560/2169/22 1558/2167/22 1526/2135/22 1528/2137/22
f 1559/2168/22 1561/2170/22 1529/2138/22 1527/2136/22
f 1562/2171/22 1560/2169/22 1528/2137/22 1530/2139/22
f 1563/2172/22 1562/2171/22 1530/2139/22 1531/2140/22
f 1561/2170/22 1564/2173/22 1532/2141/22 1529/2138/22
f 1564/2173/22 1565/2174/22 1533/2142/22 1532/2141/22
f 1566/2175/22 1563/2172/22 1531/2140/22 1534/2143/22
f 1567/2176/22 1566/2175/22 1534/2143/22 1535/2144/22
f 1565/2174/22 1568/2177/22 1536/2145/22 1533/2142/22
f 1569/2178/22 1567/2176/22 1535/2144/22 1537/2146/22
f 1568/2177/22 1570/2179/22 1538/2147/22 1536/2145/22
f 1570/2179/22 1571/2180/22 1539/2148/22 1538/2147/22
f 1572/2181/22 1569/2178/22 1537/2146/22 1540/2149/22
f 1571/2180/22 1573/2182/22 1541/2150/22 1539/2148/22
f 1574/2183/22 1572/2181/22 1540/2149/22 1542/2151/22
f 1575/2184/22 1574/2183/22 1542/2151/22 1543/2152/22
f 1576/2185/946 1575/2184/946 1543/2152/946 1544/2153/946
f 1573/2182/947 1576/2185/947 1544/2153/947 1541/2150/947
f 979/2012/22 978/2043/22 1545/2155/22 1546/2154/22
f 978/2043/22 992/2042/22 1547/2156/22 1545/2155/22
f 993/2013/22 979/2012/22 1546/2154/22 1548/2157/22
f 992/2042/948 1006/2041/948 1549/2158/948 1547/2156/948
f 1007/2014/22 993/2013/22 1548/2157/22 1550/2159/22
f 1006/2041/22 1020/2040/22 1551/2160/22 1549/2158/22
f 1021/2015/22 1007/2014/22 1550/2159/22 1552/2161/22
f 1020/2040/22 1034/2039/22 1553/2162/22 1551/2160/22
f 1035/2016/22 1021/2015/22 1552/2161/22 1554/2163/22
f 1049/2017/22 1035/2016/22 1554/2163/22 1555/2164/22
f 1034/2039/22 1048/2038/22 1556/2165/22 1553/2162/22
f 1048/2038/22 1062/2037/22 1557/2166/22 1556/2165/22
f 1063/2018/22 1049/2017/22 1555/2164/22 1558/2167/22
f 1062/2037/22 1076/2036/22 1559/2168/22 1557/2166/22
f 1077/2019/22 1063/2018/22 1558/2167/22 1560/2169/22
f 1076/2036/949 1090/2035/949 1561/2170/949 1559/2168/949
f 1091/2020/22 1077/2019/22 1560/2169/22 1562/2171/22
f 1105/2021/22 1091/2020/22 1562/2171/22 1563/2172/22
f 1090/2035/22 1104/2034/22 1564/2173/22 1561/2170/22
f 1104/2034/948 1118/2033/948 1565/2174/948 1564/2173/948
f 1119/2022/22 1105/2021/22 1563/2172/22 1566/2175/22
f 1133/2023/22 1119/2022/22 1566/2175/22 1567/2176/22
f 1118/2033/22 1132/2032/22 1568/2177/22 1565/2174/22
f 1145/2024/22 1133/2023/22 1567/2176/22 1569/2178/22
f 1132/2032/22 1144/2031/22 1570/2179/22 1568/2177/22
f 1144/2031/22 1152/2030/22 1571/2180/22 1570/2179/22
f 1153/2025/22 1145/2024/22 1569/2178/22 1572/2181/22
f 1152/2030/22 1157/2029/22 1573/2182/22 1571/2180/22
f 1158/2026/949 1153/2025/949 1572/2181/949 1574/2183/949
f 1160/2027/22 1158/2026/22 1574/2183/22 1575/2184/22
f 1442/2028/22 1160/2027/22 1575/2184/22 1576/2185/22
f 1157/2029/22 1442/2028/22 1576/2185/22 1573/2182/22
